agent,env,problem_name,ion_count,op_count,solved,duration,compile_time,actions
ppo_x50_b_fd_l4,0,qv14_0,14,96,True,409.0,1.028503656387329,8 8 9 10 8 8 10 10 8 8 11 5 10 10 7 8 8 11 5 10 10 7 8 8 11 5 7 11 4 1 3 10 8 8 11 2 11 9 5 4 5 4 11 2 11 9 5 5 0 7 7 9 7 8 4 11 5 10 10 7 7 7 7 7 8 8 10 10 8 8 11 5 4 11 5 7 10 10 7 8 5 4 4 11 2 9 11 5 5 4 4 10 2 10 6 10 8 8 10 10 8 2 10 8 9 4 4 5 4 4 10 11 4 5 5 7 11 5 4 4 11 5 10 8 0 10 9 8 7 7 7 7 7 8 7 7 11 2 11 11 5 5 9 5 11 4 5 11 4 11 2 5 10 7 10 8 6 8 11 5 10 1 9 5 5 11 11 1 4 4 5 3 5 7 10 8 11 11 5 2 10 8 10 9 8 8 11 2 9 10 8 8 7 10 2 10 10 7 8 8 9 5 10 10 2 6 7 8 11 2 9 11 5 4 5 11 4 4 1 4 3 5 10 10 8 8 11 5 4 4 11 11 5 5 7 7 10 2 10 6 8 7 7 7 10 8 11 5 10 10 7 8 2 11 5 9 5 4 4 4 4 4 11 11 2 3 5 10 7 8 10 10 2 6 7 8 7 7 7 7 10 8 4 10 2 9 8 11 11 5 5 11 2 4 9 5 4 4 0 10 9 8 8 10 10 8 8 11 5 4 11 5 1 3 4 4 11 11 4 4 5 2 9 7 8 10 8 7 10 7 10 7 8 8 10 10 8 7 7 8 11 2 6 11 11 4 5 8 11 2 9 5 4 4 11 11 2 3 5 10 2 11 11 5 5 4 4 3 10 10 8 8 7 7 7 10 8 10 10 2 7 6 8 4 10 2 10 9 8 8 10 2 6 11 11 5 5 11 11 5 2 4 4 9 5 11 11 2 5
ppo_x50_b_fd_l4,1,qv14_1,14,91,True,387.0,1.1829032897949219,8 8 9 10 8 8 10 10 8 8 11 5 10 10 7 8 8 11 5 10 10 7 8 8 10 10 8 8 11 5 4 10 10 8 8 10 10 7 8 5 4 11 2 9 5 11 11 5 4 4 4 5 11 11 2 5 3 10 7 8 10 10 8 2 6 7 10 8 7 10 10 8 2 9 8 4 4 4 4 1 4 11 4 5 9 10 8 8 4 4 11 2 11 11 4 5 5 9 8 7 7 10 7 10 8 7 10 8 8 11 2 3 10 10 2 8 9 5 10 7 7 7 10 8 2 9 5 11 11 4 5 5 10 8 11 1 11 5 3 5 4 10 2 10 9 8 8 10 2 11 11 5 5 9 11 5 5 10 2 11 11 4 5 5 9 5 10 8 10 8 4 4 4 10 10 7 8 7 7 7 7 8 7 7 11 11 5 5 10 2 6 10 7 7 8 11 2 9 11 4 4 4 5 5 4 4 4 11 5 0 10 8 10 7 6 10 8 7 7 8 11 2 9 11 5 4 5 10 2 7 11 11 3 4 4 5 8 7 11 5 11 11 5 2 9 4 5 7 10 7 8 10 10 2 6 7 7 8 11 5 7 0 6 7 7 11 11 5 2 9 5 11 11 5 2 9 8 4 11 11 5 2 9 5 4 11 4 11 4 5 5 0 9 8 10 7 10 2 8 6 10 8 7 10 7 10 7 8 5 1 9 5 10 11 4 5 5 11 11 5 1 5 4 10 9 8 8 11 2 11 3 11 4 5 5 10 8 11 11 2 5 9 8 10 10 8 8 10 10 7 0 8 6 7 7 8 10 10 8 8 11 5 7 7 11 11 5 2 3 11 5 7 11 11 4 5 5 10 8 11 11 5 5 11 11 2 5
ppo_x50_b_fd_l4,2,qv14_10,14,92,True,383.0,1.0502712726593018,8 8 10 10 8 8 10 10 8 8 9 5 11 10 7 8 8 11 2 11 5 7 10 10 7 8 8 10 9 8 8 11 2 9 11 4 5 8 11 2 11 3 5 4 4 4 4 4 10 10 7 8 8 10 7 7 7 7 8 10 2 7 10 10 8 8 4 4 9 5 4 4 11 4 4 4 4 11 2 5 9 8 11 5 10 10 7 8 8 10 10 2 8 9 5 7 10 10 8 8 11 4 4 2 9 11 5 5 11 5 4 11 11 2 3 5 10 8 10 10 7 7 8 8 11 5 7 10 10 8 7 7 7 7 8 11 2 11 11 4 5 5 10 8 11 9 5 5 4 4 11 5 1 4 11 4 5 3 7 7 10 10 8 8 10 10 2 8 10 6 8 10 10 8 7 7 8 10 2 11 9 5 5 10 8 11 11 2 5 11 11 5 4 3 4 5 7 10 8 0 7 10 6 8 11 11 5 5 10 8 11 11 4 1 4 3 5 5 10 8 11 11 5 4 5 7 11 11 5 2 9 8 11 11 5 5 7 7 0 6 10 8 11 10 7 8 8 11 5 7 7 10 8 7 7 7 11 11 2 5 11 5 4 9 5 4 11 11 5 5 4 4 11 4 5 10 10 2 8 9 5 10 10 7 8 8 7 7 10 8 11 10 8 8 1 3 4 11 5 4 10 11 2 3 5 11 11 5 2 3 4 10 10 8 7 8 7 7 10 8 11 5 10 10 7 7 8 7 8 11 10 2 8 6 11 11 4 5 5 1 9 8 11 5 11 4 11 4 5 2 9 5 11 11 5 2 9 8 10 10 8 8 10 10 2 8 10 10 7 6 8 8 10 7 8 11 11 2 5 11 11 5 5
ppo_x50_b_fd_l4,3,qv14_11,14,90,True,388.0,1.3061645030975342,8 8 10 10 8 8 10 10 8 8 9 5 10 10 8 8 10 10 8 8 11 5 4 11 5 7 10 10 2 6 8 10 10 8 8 10 2 9 10 8 8 4 11 1 5 9 5 4 4 4 11 11 5 5 1 11 9 5 5 7 11 10 8 8 11 0 9 8 8 7 10 8 10 10 7 8 8 7 7 11 2 9 11 4 2 3 4 4 4 5 11 11 4 4 4 4 5 2 9 7 8 7 10 7 11 5 5 11 5 7 7 7 7 10 8 7 7 10 10 2 8 9 7 8 11 5 11 4 4 4 11 5 5 4 11 11 2 3 5 7 10 2 9 8 10 10 8 8 7 10 8 7 7 7 11 11 5 5 4 4 11 5 10 8 11 2 11 3 11 4 4 4 4 4 5 8 10 2 3 10 8 7 11 11 5 2 9 5 7 10 7 8 7 7 10 10 7 8 8 10 7 8 11 11 5 2 9 11 5 5 11 5 11 11 4 5 4 4 5 11 11 2 5 10 8 7 10 10 8 8 6 7 7 7 0 7 10 8 7 6 11 11 5 5 11 11 5 2 9 5 0 9 8 11 11 4 5 8 4 11 4 5 7 11 5 11 11 2 5 9 11 5 5 10 8 10 7 7 7 10 8 8 7 10 7 8 11 2 11 9 5 5 10 8 7 7 11 11 5 5 4 11 4 5 4 11 11 5 2 11 9 5 5 11 2 3 10 10 7 8 8 10 10 7 8 8 11 10 8 8 10 7 8 7 7 11 11 5 2 3 11 5 11 5 4 11 11 2 5 11 4 5 3 10 10 7 8 7 8 10 10 8 7 8 10 8 11 11 2 3 5 11 4 4 5 4 10 10 2 8 7 7 10 10 8 7 6 8
ppo_x50_b_fd_l4,4,qv14_12,14,92,True,377.0,1.0499074459075928,8 8 10 9 8 8 11 5 10 10 8 2 10 10 8 8 9 10 8 8 11 5 11 5 10 10 7 7 8 8 11 5 10 10 8 2 9 10 8 8 10 10 7 8 5 11 4 5 11 2 4 10 9 8 8 10 2 9 11 5 4 4 5 7 7 10 8 7 7 11 11 5 5 4 4 11 5 4 4 4 11 4 5 4 0 10 9 8 8 10 8 10 7 8 10 10 8 8 11 2 9 10 8 8 11 5 4 4 11 11 5 2 9 8 11 11 4 5 5 10 8 11 2 9 11 5 5 7 0 6 7 10 7 8 11 5 7 7 10 7 10 8 8 10 7 8 11 1 9 8 5 10 8 4 4 4 4 11 5 4 11 5 4 11 4 11 2 5 7 10 10 8 8 9 5 10 10 8 7 8 7 11 11 5 2 6 4 11 5 11 1 9 5 4 5 4 10 2 10 10 8 7 8 9 5 7 10 7 10 7 7 8 7 8 10 2 9 11 5 5 4 4 1 4 9 5 11 11 2 5 9 8 4 11 4 11 2 4 5 9 8 10 10 7 8 8 10 10 7 7 8 8 11 5 10 7 2 7 6 7 7 11 11 5 2 9 5 11 4 5 10 10 8 2 9 8 4 10 8 11 11 1 5 3 5 4 4 4 4 11 5 7 11 11 5 5 10 8 10 10 2 7 8 9 7 8 11 10 7 8 8 10 7 8 11 1 4 3 5 11 4 11 5 2 6 4 11 4 11 5 2 4 10 10 8 8 9 8 10 10 0 6 8 8 11 5 10 10 7 7 8 8 0 9 5 10 10 8 8 10 10 8 2 9 5 11 11 5 5 11 11 5 5 11 11 2 5
ppo_x50_b_fd_l4,5,qv14_13,14,87,True,379.0,1.0001511573791504,8 8 10 9 8 8 10 10 8 8 11 5 7 10 10 8 8 10 10 8 8 11 5 10 10 7 7 8 5 4 10 2 9 11 5 4 4 5 4 4 10 2 10 10 6 8 7 8 10 10 8 2 10 10 7 8 8 9 5 11 4 4 4 5 11 11 2 3 4 4 4 5 11 2 9 11 5 5 7 10 7 8 11 11 5 5 10 8 10 8 7 7 10 8 10 10 2 6 7 8 10 2 9 10 7 8 5 1 9 4 5 10 8 11 11 4 5 4 4 5 11 4 11 5 2 11 3 11 4 5 8 7 11 2 9 5 10 10 8 7 8 7 7 10 8 7 7 7 10 2 7 6 11 11 5 5 11 11 4 5 5 11 11 2 5 9 8 11 11 4 5 8 11 2 10 10 8 6 7 7 8 10 7 8 10 10 2 6 8 11 5 11 11 4 4 5 1 3 4 5 11 11 2 3 5 11 2 4 3 10 10 8 7 7 7 8 7 1 3 4 11 5 11 4 5 4 10 10 2 7 8 10 7 10 7 6 7 8 5 7 11 2 11 11 5 5 10 8 10 10 8 6 8 10 10 7 8 2 9 5 4 4 11 4 5 7 10 11 2 3 5 4 4 4 4 11 5 0 9 8 10 10 8 8 10 7 7 7 7 8 7 11 11 5 2 11 4 5 11 9 5 5 10 0 6 8 7 10 8 10 2 11 11 3 5 5 11 11 2 5 11 9 4 5 8 11 4 5 11 11 5 4 5 11 2 10 10 7 8 6 7 8 0 6 10 7 8 7 7 10 8 7 11 11 2 5 9 5 11 11 4 5 4 5 10 7 8 11 11 2 5 11 11 5 5 11 11 5 5
ppo_x50_b_fd_l4,6,qv14_14,14,92,True,383.0,1.4663326740264893,8 8 10 10 8 8 10 10 8 8 9 5 10 10 8 8 7 7 10 10 8 8 11 5 10 7 10 8 8 4 4 11 2 9 4 11 4 5 5 10 8 10 8 4 10 10 8 8 11 5 11 11 4 5 4 4 5 11 5 10 10 2 6 8 11 5 7 10 10 8 2 7 7 7 10 8 10 6 10 8 2 9 8 4 4 4 11 4 4 11 5 4 4 5 11 11 2 4 5 9 8 10 7 10 7 2 6 7 8 11 4 5 7 7 10 10 8 2 9 5 7 7 7 10 10 8 2 6 4 11 5 11 11 5 5 4 11 4 4 4 5 10 2 10 9 8 8 11 4 5 11 2 9 11 5 5 0 9 7 8 11 5 10 10 7 7 7 7 8 8 11 5 4 11 5 10 10 8 2 9 10 8 8 10 7 7 8 11 4 4 4 5 10 7 8 10 10 7 2 8 6 11 5 4 11 4 11 5 2 9 4 5 4 4 4 11 5 4 10 10 8 2 10 8 10 9 8 7 7 8 11 2 11 11 4 5 8 11 4 5 9 5 11 11 2 5 9 8 10 0 7 6 10 8 7 8 7 7 10 7 7 7 8 4 11 2 9 11 5 5 11 5 10 10 8 8 4 11 5 11 11 5 5 10 2 9 11 5 5 4 11 5 7 11 2 11 9 5 5 10 7 8 10 8 7 7 7 7 11 11 5 4 4 5 4 4 11 2 11 9 5 5 7 10 0 9 8 8 10 0 9 8 8 7 7 7 10 2 7 6 7 11 11 5 2 9 5 11 5 11 11 5 2 9 5 10 7 7 8 11 11 4 4 4 5 5 10 8 11 11 5 5 11 11 4 5 2 11 5 10 10 8 8
ppo_x50_b_fd_l4,7,qv14_15,14,88,True,371.0,1.0278573036193848,8 8 10 10 8 8 10 10 8 8 9 5 10 10 8 8 11 2 3 11 5 7 10 10 7 8 8 10 10 7 8 1 5 9 5 11 11 5 5 7 7 11 5 11 4 5 4 11 11 4 2 5 9 8 11 11 5 2 3 10 7 8 10 8 7 10 10 7 8 2 10 8 9 11 5 4 4 5 10 8 11 11 4 5 4 5 10 8 11 11 2 5 3 10 8 10 10 7 7 7 7 7 7 7 7 8 8 4 11 5 4 10 2 9 11 5 5 10 8 4 11 5 4 11 11 2 5 9 5 4 10 11 5 5 4 10 10 2 8 9 8 10 7 8 10 10 7 0 7 7 6 7 8 8 11 5 10 10 2 8 11 5 11 9 5 5 4 11 5 11 4 4 4 4 5 1 3 10 10 8 8 10 8 10 10 7 7 7 7 8 7 8 11 4 5 11 5 10 10 2 8 3 4 4 11 5 11 4 5 11 11 2 5 7 10 6 8 10 7 7 2 7 7 6 7 11 11 5 2 9 4 5 10 8 11 11 5 5 11 4 4 4 1 3 4 5 11 2 3 10 10 2 6 7 8 11 5 10 7 7 11 5 5 10 7 8 10 7 7 10 8 2 6 11 5 7 10 8 11 11 4 4 5 5 10 2 9 8 11 11 5 4 5 11 11 5 5 11 5 0 10 9 8 8 10 10 8 8 10 10 2 8 10 7 7 8 7 6 11 11 4 5 4 4 5 4 4 11 11 2 3 5 11 2 4 4 10 10 8 8 7 7 10 6 7 8 7 7 11 2 10 10 8 8 11 4 11 4 3 5 5 11 11 2 5 9 5 11 11 2 5
ppo_x50_b_fd_l4,8,qv14_16,14,94,True,389.0,1.097034215927124,8 8 10 10 8 8 9 10 8 8 11 5 10 10 7 8 8 10 10 8 8 11 5 10 10 7 8 8 1 4 3 4 11 5 4 4 11 1 9 5 4 5 11 2 10 10 7 8 8 9 5 10 10 7 7 8 8 11 5 10 10 7 7 7 7 8 8 11 4 5 4 11 5 10 2 11 9 5 5 11 4 4 4 5 4 11 0 9 5 5 10 8 10 10 7 7 7 7 7 8 5 7 7 7 7 11 2 11 11 5 5 9 5 11 11 2 5 9 8 11 11 5 2 9 8 4 4 11 11 5 2 9 7 8 4 11 5 10 10 7 7 7 8 7 8 1 9 5 11 11 5 2 9 5 7 10 10 8 2 9 5 4 11 4 4 4 5 4 4 10 10 2 6 8 7 10 10 7 8 2 9 5 7 7 0 6 7 10 10 7 8 2 9 5 4 11 5 10 10 8 8 11 5 4 11 11 5 5 11 11 5 2 9 5 7 7 11 11 2 3 4 4 5 11 11 2 5 9 8 11 5 10 10 2 7 8 9 5 10 10 8 8 10 7 8 7 11 10 7 8 2 9 10 8 8 4 11 5 11 4 11 2 3 4 4 4 5 11 11 2 3 4 5 11 2 10 6 7 7 8 7 10 10 8 8 7 10 7 7 8 4 11 2 9 11 5 5 10 7 8 11 2 4 11 9 5 5 4 4 11 11 5 4 5 10 7 8 11 11 5 5 11 2 3 10 10 8 8 11 4 5 10 10 7 7 7 2 8 10 7 6 8 10 10 8 8 11 2 10 9 5 5 7 7 7 11 11 5 5 11 5 11 5 7 7 11 11 5 4 5 10 8 11 11 4 5 5 4 10 2 9 11 5 5 7 10 10 8 8
ppo_x50_b_fd_l4,9,qv14_17,14,94,True,383.0,1.0319452285766602,8 8 9 10 8 8 10 10 8 8 11 5 10 7 10 8 8 10 10 8 8 11 5 4 11 5 7 7 7 10 10 7 7 7 8 5 10 2 9 11 4 5 5 10 8 11 2 3 4 11 5 11 11 2 3 5 4 11 11 5 2 6 11 5 11 11 5 5 0 9 5 10 7 8 10 10 8 8 10 0 9 8 5 10 7 7 8 10 10 8 2 10 9 8 8 11 4 5 1 3 4 11 4 4 4 11 2 5 9 8 4 4 4 10 10 8 8 10 7 0 10 8 8 10 8 9 8 11 11 5 5 10 7 7 10 8 8 10 10 7 8 5 1 9 5 11 11 5 5 10 8 11 11 5 5 11 11 4 5 5 10 8 10 8 4 11 11 4 4 5 8 10 2 9 8 11 11 2 3 5 10 7 8 7 10 7 10 7 8 5 11 5 7 7 7 7 7 11 11 5 2 9 5 11 4 5 11 4 11 4 5 5 4 4 4 10 10 8 2 9 8 10 7 8 4 10 10 2 8 3 10 8 7 10 10 7 8 8 1 9 5 11 5 11 11 4 5 5 4 11 11 5 2 11 5 10 9 8 8 7 10 10 8 8 10 8 10 10 8 2 3 11 5 7 10 7 10 8 8 10 2 6 11 11 2 3 4 5 4 1 4 4 9 5 11 4 11 5 4 5 10 2 7 11 11 5 5 9 8 11 10 7 8 8 11 5 10 10 7 8 7 8 7 10 10 2 8 9 5 10 10 2 8 9 5 10 10 8 7 8 1 11 9 8 8 11 11 5 4 4 1 3 4 4 4 5 11 4 5 1 3 10 10 8 8 10 10 7 8 8 10 8 11 4 5 10 10 2 8 10 10 8 8
ppo_x50_b_fd_l4,10,qv14_18,14,90,True,382.0,1.5144786834716797,8 8 9 10 8 8 10 10 8 8 11 5 10 10 7 8 8 10 10 7 8 5 10 10 8 8 11 5 1 11 9 5 5 4 4 4 11 4 11 4 5 8 0 9 8 11 5 11 10 7 8 8 11 5 10 10 7 2 8 10 7 7 6 7 10 8 8 10 10 8 8 4 4 11 2 9 5 10 11 4 5 2 9 8 4 4 10 10 0 7 8 7 8 10 8 10 9 8 4 5 10 8 11 11 5 4 5 10 7 8 4 11 11 5 5 11 11 2 3 4 5 4 11 4 4 5 0 7 10 9 8 10 8 8 7 7 10 7 7 7 10 8 8 10 2 11 11 5 5 11 9 5 4 5 4 11 2 11 3 11 5 5 11 11 2 5 10 8 9 10 8 7 7 8 10 2 10 10 8 8 11 9 8 7 8 7 11 11 5 5 11 5 11 11 4 5 5 11 11 4 4 4 5 5 10 7 2 9 8 11 11 5 5 7 11 2 10 9 8 7 8 7 10 2 9 10 8 8 10 8 7 7 1 11 11 4 3 5 5 4 11 11 5 5 11 11 5 5 11 2 10 9 8 8 10 0 7 7 8 10 9 7 8 5 10 8 7 10 10 8 8 7 11 2 6 11 11 5 5 11 4 10 8 8 10 2 9 8 11 11 1 4 3 1 3 5 4 4 5 10 2 11 11 5 5 9 8 7 10 10 8 7 8 11 5 7 10 7 8 11 11 5 2 11 4 3 5 11 11 4 4 5 5 11 2 10 9 8 8 7 7 7 10 8 4 10 10 8 8 7 7 7 10 8 7 11 11 2 5 9 5 11 11 5 5 11 11 5 5 11 11 2 3 5 11 11 2 5 11 11 5 5
ppo_x50_b_fd_l4,11,qv14_19,14,89,True,356.0,1.4517581462860107,8 8 10 9 8 8 10 10 8 8 11 5 10 2 6 10 10 7 8 5 10 10 8 8 10 10 8 8 11 5 7 10 10 8 8 1 9 8 4 11 5 11 11 5 5 11 11 2 5 9 8 10 10 8 2 11 5 4 11 11 5 4 3 4 5 10 8 7 10 7 7 7 7 8 10 10 7 7 8 5 10 2 11 3 4 5 10 10 8 2 9 8 4 11 4 11 4 5 5 10 2 9 7 8 7 11 11 4 5 5 10 8 10 8 4 11 11 4 4 4 5 5 10 7 8 11 1 9 5 5 11 2 9 11 5 5 0 7 7 10 8 10 9 8 8 11 5 10 10 8 2 9 8 7 11 11 5 5 11 1 9 5 4 4 4 5 10 2 10 10 7 8 8 7 7 7 7 9 10 8 8 10 2 10 9 8 8 11 5 4 11 5 10 8 11 11 5 5 11 4 4 4 4 4 5 4 10 10 2 8 10 6 10 8 8 10 7 8 11 11 5 5 7 10 7 8 10 10 2 8 9 5 7 10 10 8 8 11 5 4 4 11 4 5 10 8 11 11 2 5 11 3 11 5 4 5 10 10 8 2 9 5 11 11 5 5 10 8 11 11 4 5 2 9 8 10 8 10 7 10 8 8 7 7 7 7 11 10 7 8 7 8 11 2 4 11 4 11 4 5 5 9 8 11 11 5 5 11 4 5 11 4 11 2 5 9 8 10 10 8 8 10 10 0 6 8 7 7 8 7 7 10 10 8 8 10 2 11 11 5 5 11 11 4 5 5 10 8 11 11 5 5 11 11 5 5
ppo_x50_b_fd_l4,12,qv14_2,14,92,True,380.0,1.5074446201324463,8 8 9 10 8 8 10 10 8 8 11 5 10 10 7 7 8 5 10 2 9 10 8 8 10 10 8 8 11 5 10 10 7 8 8 1 11 5 9 5 4 4 11 11 4 5 5 11 4 4 11 5 5 7 11 2 10 10 8 6 8 11 5 10 10 8 8 10 10 2 8 7 9 8 10 10 8 7 8 11 5 10 10 8 8 10 2 11 9 5 5 10 8 11 4 11 5 4 4 5 4 11 4 5 10 10 2 8 9 10 7 2 6 7 7 8 10 10 8 2 9 8 4 11 11 4 4 5 5 7 11 11 5 8 4 1 3 4 11 5 10 8 10 7 10 8 8 4 11 4 5 4 10 10 8 2 9 10 7 8 2 6 7 10 10 8 2 9 5 11 11 4 4 5 8 11 5 1 9 5 11 11 2 5 10 8 4 10 9 8 8 11 5 4 4 10 10 0 8 8 9 7 8 11 5 10 10 7 8 8 7 7 10 8 11 5 11 4 5 10 7 10 7 7 8 8 10 2 9 11 5 5 0 9 8 11 11 5 5 10 8 11 11 5 5 11 11 5 2 11 5 4 3 4 4 11 5 10 0 7 6 10 7 8 8 7 10 7 7 8 7 11 11 2 5 3 11 4 5 4 4 4 11 11 5 5 0 10 7 8 9 10 7 8 8 11 5 10 7 10 8 8 4 1 9 5 11 4 5 11 11 5 5 11 11 5 4 5 11 2 9 10 8 8 11 5 10 10 8 7 8 11 10 8 7 8 7 10 10 8 8 7 7 10 10 8 2 9 5 11 11 4 5 5 10 8 11 11 5 4 4 4 5 7 11 11 5 4 5 10 2 6 11 11 5 5 11 11 2 5
ppo_x50_b_fd_l4,13,qv14_20,14,93,True,395.0,1.0950751304626465,8 8 9 10 8 8 10 10 8 8 11 5 10 10 7 8 8 10 10 8 8 11 5 7 10 10 8 8 10 11 2 5 6 11 5 11 11 2 4 3 5 11 11 5 2 9 5 7 10 10 8 8 10 7 8 7 7 7 11 11 5 5 1 9 8 11 5 4 4 4 10 8 11 11 5 4 4 5 11 11 5 5 7 7 11 2 9 10 8 8 10 2 10 9 8 7 7 8 11 5 10 10 7 8 8 10 2 9 11 5 5 10 8 11 11 5 2 3 4 4 11 11 5 4 4 4 5 10 0 10 6 8 8 7 7 11 2 9 10 8 8 7 7 7 7 10 8 10 2 11 4 9 5 5 0 9 8 10 8 11 11 5 4 5 4 10 10 8 8 11 4 5 10 10 8 8 11 5 11 11 4 5 5 11 5 11 4 11 2 5 9 8 11 11 5 5 7 10 0 6 7 7 8 10 7 10 2 6 7 8 10 2 6 7 11 11 5 4 4 5 11 5 11 11 5 5 11 11 5 4 5 10 8 10 8 7 7 10 8 4 4 4 4 4 1 3 10 10 8 8 10 7 8 11 11 5 5 10 8 10 10 8 8 11 5 10 10 2 6 7 8 11 5 7 7 7 11 2 11 11 5 3 5 4 11 4 5 11 11 2 5 6 7 7 10 8 10 8 7 11 10 2 6 8 7 7 10 2 6 11 11 4 5 5 4 11 11 5 5 10 8 11 11 4 5 2 11 4 4 5 9 10 8 8 11 5 4 10 10 8 7 8 7 10 7 10 7 8 2 9 5 7 7 10 10 8 2 6 11 11 4 4 5 4 4 4 5 4 4 11 5 4 10 10 2 8 10 10 6 8 8 11 2 10 10 6 7 8 8 10 2 11 11 5 5
ppo_x50_b_fd_l4,14,qv14_21,14,90,True,376.0,1.0436937808990479,8 8 10 9 8 8 10 0 10 8 8 9 5 10 10 7 8 5 10 0 9 7 8 5 10 2 9 10 8 8 10 10 8 8 1 9 5 11 11 5 4 5 10 8 11 11 2 4 5 9 8 11 11 5 4 4 5 11 2 9 11 5 5 7 0 11 9 8 8 10 8 7 7 7 10 7 7 10 8 2 9 5 11 11 2 5 4 4 9 11 4 5 5 7 7 10 2 10 10 8 8 10 8 7 7 7 11 11 5 5 11 9 5 5 4 11 4 11 2 5 9 8 11 11 4 5 4 5 7 10 8 11 11 4 4 5 8 0 9 8 10 8 10 7 7 8 10 10 8 8 10 10 2 7 8 9 5 11 5 4 4 4 11 11 4 2 5 10 8 9 11 5 5 10 2 9 10 8 7 8 11 4 5 4 4 4 10 10 8 8 7 7 0 7 7 7 10 6 8 7 10 8 11 4 11 2 4 5 10 8 9 8 11 11 5 5 4 11 4 5 4 4 10 10 8 8 11 2 11 5 11 11 5 5 9 8 4 10 10 7 7 8 7 7 7 7 8 7 7 10 2 6 11 11 4 5 4 5 11 2 9 11 5 5 7 10 2 9 7 7 8 11 11 4 4 5 5 4 10 10 8 8 11 1 3 5 4 11 5 11 2 9 4 5 10 7 10 8 8 10 10 7 8 5 10 10 8 8 7 10 2 10 10 8 8 9 5 7 11 11 5 4 5 11 11 5 5 11 2 3 4 11 11 5 5 7 11 5 11 11 5 2 9 5 7 7 10 7 8 10 10 8 7 8 7 7 11 11 5 2 9 11 5 5 10 8 11 11 5 4 4 5 11 11 2 5
ppo_x50_b_fd_l4,15,qv14_22,14,95,True,395.0,1.0152902603149414,8 8 10 9 8 8 10 10 8 8 11 5 10 10 7 8 8 10 10 8 8 11 5 1 4 9 4 4 5 10 7 10 8 7 7 8 11 2 11 11 5 5 7 10 7 8 10 10 8 8 10 9 8 8 10 2 9 11 5 5 11 2 9 11 4 5 2 11 4 9 4 5 4 4 5 4 4 11 10 8 2 10 10 8 8 7 6 7 7 7 10 8 7 10 8 11 5 10 10 8 2 6 4 11 5 4 11 1 9 5 8 11 4 4 11 5 5 7 10 8 11 11 5 5 10 8 1 3 4 4 11 11 2 5 10 8 7 10 10 8 6 8 10 10 8 8 10 2 10 10 8 7 8 10 7 8 9 11 5 5 10 8 11 11 5 5 11 5 11 11 4 2 5 3 11 5 7 10 10 8 2 7 10 8 7 6 7 11 11 5 5 4 11 4 4 4 1 9 5 4 5 11 2 11 9 5 5 7 0 9 8 10 10 8 8 10 2 10 9 8 7 8 4 11 5 4 4 11 11 2 3 5 10 8 11 11 4 5 2 9 8 10 8 10 10 7 0 7 7 7 6 8 8 7 11 2 11 9 4 5 8 11 5 10 2 11 9 5 5 11 2 4 4 11 4 5 3 10 10 8 8 10 10 7 7 2 7 8 7 9 10 7 8 8 11 5 7 7 11 2 11 11 5 3 4 5 4 10 2 9 8 10 8 10 8 4 4 11 11 5 5 10 2 9 11 5 5 10 8 11 11 5 2 9 5 0 6 7 7 10 7 10 2 6 7 8 10 10 2 8 9 5 11 11 5 1 3 5 11 11 5 5 11 11 4 4 5 4 5 10 10 8 8 11 5 4 4 10 10 8 2 9 8 10 10 8 8 7 10 10 2 7 7 7 8
ppo_x50_b_fd_l4,16,qv14_23,14,93,True,390.0,1.0492908954620361,8 8 10 9 8 8 10 0 9 8 8 10 2 9 10 8 8 10 10 8 8 11 5 10 2 10 10 6 7 8 5 10 10 7 8 5 10 2 11 11 5 5 11 4 3 4 5 4 11 2 11 4 9 5 5 10 8 7 7 11 10 8 7 8 7 7 7 10 2 6 11 11 4 5 5 11 11 5 5 1 9 8 11 5 11 4 4 11 4 5 5 10 8 11 11 2 5 9 8 10 8 7 7 0 11 9 8 8 7 10 10 8 7 8 1 3 11 4 4 5 11 11 5 2 9 5 10 8 7 10 10 2 8 10 9 8 8 10 10 8 8 11 5 7 7 1 11 11 5 3 5 10 8 4 11 11 2 5 9 5 4 11 11 4 4 5 5 10 7 8 11 11 5 5 10 8 0 6 10 8 7 7 7 7 7 10 10 8 2 9 5 7 7 11 11 5 5 4 11 4 11 5 5 4 4 11 5 11 11 5 5 0 6 7 7 10 7 7 8 7 7 11 10 2 8 6 7 10 8 11 11 5 5 10 8 11 11 4 4 4 5 5 10 8 10 2 6 11 4 11 5 5 10 2 9 8 11 11 4 5 5 7 10 11 5 4 4 5 10 2 9 10 8 8 10 0 9 8 7 7 8 10 2 7 10 8 6 11 10 8 8 7 11 11 5 4 5 10 8 11 4 11 5 5 11 1 3 5 4 11 11 2 3 5 10 8 11 11 4 5 2 9 8 10 8 10 10 7 7 8 7 8 11 4 5 10 10 2 8 9 5 11 11 5 2 4 10 9 8 7 7 7 8 7 10 2 6 11 11 4 5 5 4 11 2 11 4 3 5 11 11 5 2 3 10 10 7 7 8 8 10 10 8 2 9 8 10 10 2 8
ppo_x50_b_fd_l4,17,qv14_24,14,88,True,364.0,1.4209461212158203,8 8 9 10 8 8 10 10 8 8 11 5 10 10 7 8 8 11 5 10 10 7 8 8 11 5 10 10 7 8 8 11 5 10 10 7 8 8 11 5 10 10 2 8 9 5 11 11 4 4 5 5 11 11 5 4 5 10 7 8 11 11 2 5 11 9 4 5 8 4 11 2 11 9 5 5 7 7 7 7 7 0 7 6 10 8 4 10 2 9 10 8 8 10 8 10 2 6 11 11 4 2 3 4 5 4 4 4 4 4 11 5 11 5 10 10 7 7 8 2 10 8 10 6 10 8 8 10 10 8 8 7 7 10 2 11 11 5 5 3 4 10 8 11 11 4 5 5 4 11 11 5 5 10 2 9 11 5 5 10 2 11 9 5 5 7 7 10 8 7 10 10 7 8 5 11 2 11 5 4 11 11 5 5 11 11 5 4 5 9 8 7 7 7 10 10 7 7 7 8 7 8 10 10 2 8 6 11 5 11 11 2 3 5 4 11 5 4 10 11 4 5 2 4 3 11 4 5 10 7 7 10 8 7 7 7 8 4 4 11 2 4 11 5 9 10 8 8 10 10 7 7 7 8 7 7 8 1 3 4 11 5 11 4 11 2 5 9 8 4 11 11 4 4 5 5 10 2 9 8 11 11 5 5 11 2 9 10 8 7 7 8 10 8 11 11 5 5 10 8 7 10 10 8 2 10 10 7 8 8 9 5 10 10 8 8 11 2 10 9 8 8 11 5 7 11 11 5 5 4 11 5 4 11 11 4 4 5 5 4 4 10 10 2 8 10 10 6 7 7 7 7 8 8 10 10 8 2 9 8 10 10 2 8
ppo_x50_b_fd_l4,18,qv14_25,14,87,True,362.0,1.0246765613555908,8 8 10 10 8 8 10 10 8 8 9 5 10 10 8 8 0 9 5 10 10 7 7 7 8 5 10 10 8 8 10 2 11 9 5 5 11 2 3 11 11 5 5 11 4 5 11 11 4 4 5 5 10 8 0 7 7 9 10 8 7 7 7 8 11 11 2 5 9 8 11 11 5 5 11 4 4 4 11 5 4 5 7 10 7 8 11 11 4 5 5 10 8 11 2 3 10 10 7 7 8 8 7 7 7 7 10 8 7 7 11 11 5 5 1 9 8 11 5 11 5 11 11 4 5 5 4 10 10 2 8 9 5 11 10 8 8 7 7 7 10 7 7 8 11 11 2 3 5 4 11 4 1 4 3 5 11 11 5 5 11 5 7 10 8 11 11 2 5 9 8 10 10 7 7 8 8 10 2 9 10 8 8 11 4 4 5 10 8 10 7 10 8 8 10 8 11 2 11 11 5 4 4 4 4 5 11 5 4 4 4 10 10 8 8 7 9 7 8 10 8 10 8 10 8 7 7 7 10 7 11 5 2 9 5 11 5 4 4 4 11 11 4 5 5 11 11 5 2 9 5 10 8 10 10 2 6 7 7 8 11 5 7 10 8 1 11 11 5 4 3 4 5 11 11 4 5 2 9 8 7 7 10 10 7 8 2 9 5 10 7 8 10 10 8 8 10 10 8 8 1 11 3 5 11 5 4 4 4 4 11 11 2 5 3 10 8 10 8 10 10 7 7 8 5 10 8 10 10 2 8 10 9 8 8 10 2 6 11 11 5 5 11 11 4 4 2 3 5 11 11 4 4 4 5 5 10 8 11 11 2 5
ppo_x50_b_fd_l4,19,qv14_26,14,88,True,360.0,1.455906629562378,8 8 10 10 8 8 10 10 8 8 9 5 11 4 5 10 10 7 7 7 8 5 10 10 8 8 10 2 10 9 8 8 10 10 8 8 1 9 5 11 4 5 1 4 4 11 11 5 4 5 9 8 10 7 11 5 5 4 11 11 4 5 2 9 8 7 10 8 10 10 8 7 8 10 10 8 8 10 10 8 8 11 5 4 11 10 7 8 8 11 5 10 10 7 8 8 10 2 9 11 5 5 4 11 2 11 9 5 4 4 5 4 11 4 11 5 2 3 7 10 7 7 10 7 8 2 7 10 7 9 8 8 10 2 6 11 11 4 5 5 11 11 5 5 10 2 11 3 4 5 4 4 11 11 4 5 2 9 8 10 7 8 10 10 2 6 8 11 2 9 4 5 10 7 10 7 7 8 8 7 10 8 1 9 5 11 11 5 4 5 10 7 8 11 11 5 2 11 5 3 4 11 5 4 4 10 10 8 8 10 8 10 10 8 8 10 7 8 10 10 7 8 7 8 1 11 9 5 5 10 2 9 11 5 4 4 4 4 4 4 5 10 8 10 10 2 8 9 4 5 10 10 7 7 8 5 10 8 10 10 8 8 4 11 2 11 11 5 3 5 11 5 7 11 11 2 3 4 5 11 4 5 0 9 5 10 10 8 8 10 8 7 7 7 10 10 2 8 9 5 0 7 6 7 7 11 11 5 5 10 2 9 11 5 5 10 8 11 11 4 5 5 11 11 5 4 4 5 10 2 7 10 6 8 7 7 11 11 2 5 9 5 11 11 4 4 5 5 7 11 2 9 10 8 8 11 11 4 5 5
ppo_x50_b_fd_l4,20,qv14_27,14,91,True,379.0,1.455507755279541,8 8 10 10 8 8 9 10 8 8 11 5 11 10 2 6 8 10 10 8 8 10 10 8 8 11 5 10 10 7 7 7 8 8 11 2 9 11 5 5 11 5 11 2 6 11 11 5 4 4 5 11 4 11 5 4 5 10 2 10 10 8 6 7 8 7 7 7 7 7 7 10 8 11 2 11 11 5 5 3 11 5 4 11 11 4 5 2 9 5 10 10 8 2 9 5 7 7 7 7 7 10 8 10 10 8 2 4 9 4 5 7 11 5 11 11 4 5 2 7 11 9 5 5 11 2 3 4 11 11 5 1 4 3 5 10 8 11 11 5 2 9 8 10 10 8 8 11 5 10 10 8 8 11 5 7 10 10 7 8 8 11 5 10 10 7 8 2 9 7 8 11 11 5 5 11 4 5 4 4 11 11 5 5 11 4 10 2 8 7 6 7 7 7 10 8 4 11 2 3 10 10 7 7 8 8 10 2 6 7 7 11 11 5 5 4 11 4 2 9 5 11 4 11 2 3 5 11 11 5 5 11 2 10 10 8 8 6 7 10 10 7 7 8 8 10 8 1 11 3 4 5 11 4 5 4 4 11 11 4 5 2 9 8 7 10 8 10 10 8 0 8 7 6 7 10 7 10 8 8 7 11 2 11 3 5 11 11 5 2 9 4 5 10 8 7 1 9 10 8 7 7 8 11 5 10 2 11 11 5 5 11 4 3 11 4 4 5 8 11 5 4 4 11 5 11 2 10 10 8 8 10 8 7 6 10 7 8 11 11 5 5 10 7 7 8 10 8 7 7 7 11 11 5 2 9 5 11 11 5 5 11 4 11 4 5 5 11 4 5 4 10 10 8 8 10 10 2 8
ppo_x50_b_fd_l4,21,qv14_28,14,88,True,378.0,1.450915813446045,8 8 10 10 8 8 10 9 8 8 10 2 10 9 8 8 10 10 8 8 11 5 7 10 2 10 10 8 8 10 9 8 8 10 2 11 9 5 5 4 4 4 4 11 11 5 4 5 11 11 5 5 4 10 2 10 10 8 8 6 7 7 10 7 8 11 2 3 4 4 11 4 5 4 0 10 10 7 7 6 8 8 10 2 10 9 8 8 10 8 7 7 11 1 4 11 3 5 4 5 11 4 11 5 2 11 5 3 7 7 10 10 8 7 7 7 8 11 2 11 3 11 5 5 11 4 5 11 11 5 5 11 11 5 5 10 2 6 7 7 10 8 11 1 9 5 5 11 2 4 3 10 10 2 8 10 7 6 7 7 7 7 7 10 8 8 11 2 9 4 5 4 4 4 4 10 11 5 5 11 11 5 2 9 7 8 10 10 7 7 8 8 11 5 10 2 10 10 7 7 7 8 8 9 5 11 11 5 2 9 5 11 5 7 7 7 11 11 2 5 3 4 4 10 11 5 5 4 10 10 2 8 9 8 11 4 4 5 4 11 11 2 5 9 8 4 10 10 8 8 11 5 10 7 10 2 6 7 8 10 7 10 2 8 9 5 7 11 11 5 5 10 2 9 8 11 11 5 5 11 2 11 11 5 4 4 4 3 5 7 10 8 10 8 11 11 4 5 2 10 8 6 7 10 8 7 10 7 10 2 8 9 5 7 7 7 7 11 11 1 5 4 5 4 4 11 4 3 5 11 11 2 5 9 8 4 4 10 10 8 0 8 6 7 0 9 8 10 10 8 7 8 10 2 9 8 11 11 5 5 4 4 11 5 11 11 5 5 10 10 7 7 8 8 10 10 2 8
ppo_x50_b_fd_l4,22,qv14_29,14,89,True,363.0,1.438713550567627,8 8 10 10 8 8 10 10 8 8 9 5 10 10 8 8 10 10 8 8 11 1 5 11 3 5 11 4 11 5 2 9 5 10 8 7 7 10 10 7 7 7 8 8 1 9 5 11 11 2 5 9 5 7 10 8 10 10 8 2 10 9 8 8 11 5 10 10 2 8 9 5 11 11 5 5 11 11 5 1 3 4 5 11 4 11 5 4 5 4 10 10 8 8 11 2 11 5 3 10 10 8 2 9 7 8 4 11 5 10 10 7 8 7 0 6 8 10 8 7 7 10 7 8 11 11 2 5 9 8 11 11 4 5 4 5 4 10 11 5 5 0 9 8 11 10 7 8 8 11 5 10 10 2 6 8 10 7 8 7 11 11 5 2 11 5 11 11 3 4 5 4 11 5 5 10 8 4 11 11 2 5 9 8 4 4 10 10 8 0 6 7 7 8 11 2 9 10 8 8 7 10 2 6 7 7 10 10 2 8 9 5 11 11 2 5 11 4 4 9 5 5 11 11 5 8 4 11 5 10 8 4 10 11 2 5 3 11 5 10 10 7 7 7 8 7 8 11 2 9 10 8 8 11 4 5 11 11 2 5 3 10 8 7 10 10 8 8 11 2 9 5 11 11 5 2 11 4 4 3 5 4 4 10 10 7 7 8 8 10 2 9 7 10 7 8 2 10 10 8 6 8 10 10 2 8 9 5 11 5 4 4 4 4 4 4 10 10 2 8 11 5 11 9 5 4 5 0 9 8 11 5 10 10 8 8 10 10 8 8 10 10 8 2 6 7 10 8 7 11 11 5 2 9 5 11 11 5 5 11 11 2 5
ppo_x50_b_fd_l4,23,qv14_3,14,90,True,376.0,1.4557178020477295,8 8 9 10 8 8 11 5 10 10 8 2 9 10 8 8 0 9 10 8 8 11 5 11 5 7 10 10 7 8 8 11 5 10 10 7 8 8 10 10 8 8 11 5 4 4 11 5 10 10 7 8 8 11 5 10 10 7 8 2 9 5 11 11 4 2 3 4 4 5 10 8 7 11 11 5 5 10 11 2 3 4 5 11 2 11 11 5 4 5 7 7 7 7 11 9 8 8 10 7 7 0 6 7 7 8 11 2 11 11 4 5 5 9 8 11 4 1 9 5 5 4 11 5 4 11 11 5 5 10 2 10 6 8 10 10 8 8 7 7 7 10 10 8 7 7 8 11 2 11 4 3 5 4 11 4 4 4 5 10 10 8 8 11 4 4 4 4 5 10 8 11 1 9 5 8 10 8 7 10 7 7 10 8 8 7 11 5 10 10 8 7 7 7 8 11 2 4 9 10 8 8 11 5 11 11 5 5 11 5 7 11 2 11 9 5 5 4 4 11 5 11 11 4 5 5 0 9 8 10 8 7 10 10 8 2 10 9 8 7 7 7 7 7 8 10 2 11 11 5 3 4 4 5 4 4 11 5 11 11 2 3 5 11 2 11 9 5 5 7 10 8 7 7 10 7 7 10 8 8 10 8 1 11 3 4 11 5 2 9 5 4 11 5 4 4 10 10 8 2 10 8 9 10 8 8 11 5 10 10 8 7 7 8 7 7 7 11 11 5 4 4 5 10 2 9 10 8 8 4 1 4 4 11 4 4 3 5 11 11 4 5 2 9 8 10 8 4 10 10 8 7 8 4 10 10 8 8 10 10 2 8 9 10 8 8 11 5 10 10 8 8 10 10 2 8
ppo_x50_b_fd_l4,24,qv14_30,14,94,True,388.0,1.0038666725158691,8 8 9 10 8 8 10 10 8 8 11 5 10 10 7 8 8 11 5 11 5 10 10 7 7 8 8 11 5 10 7 10 7 8 5 11 2 3 4 4 11 5 10 10 2 8 9 5 4 11 11 2 4 5 4 11 9 5 5 7 0 9 8 10 7 7 7 7 10 7 7 7 8 8 11 5 11 4 5 10 10 8 7 8 11 5 11 1 3 4 5 11 11 5 2 4 9 5 10 10 8 8 7 7 10 10 8 7 8 11 4 4 4 5 10 2 3 11 4 5 11 11 4 5 5 11 5 11 11 5 2 9 8 10 0 7 6 7 8 10 10 7 8 2 10 10 8 7 8 10 9 8 8 4 11 5 4 11 1 3 5 11 4 4 11 2 3 5 11 11 2 5 10 8 7 9 8 10 10 8 2 10 7 9 8 8 7 7 7 10 2 6 11 11 4 5 1 5 11 5 9 5 11 4 4 11 4 5 5 10 2 9 7 8 11 11 5 2 9 8 4 4 10 10 8 0 8 6 7 7 7 10 8 11 5 10 10 8 8 10 8 1 11 9 5 5 7 11 5 1 11 3 11 5 5 11 11 2 5 11 5 10 7 7 6 8 10 10 7 8 2 9 5 10 10 8 7 8 4 10 10 8 8 11 5 11 11 2 5 11 3 4 4 4 11 4 5 8 11 4 5 4 10 0 10 8 8 11 5 10 10 8 6 8 10 10 8 7 7 7 8 10 10 7 2 8 9 5 11 5 11 11 2 3 5 11 1 9 5 5 4 11 2 4 9 5 11 11 5 2 11 11 5 5 7 7 7 7 9 10 8 8 11 5 10 10 7 8 8 11 5 10 10 7 8 7 7 8 10 2 11 11 5 5 11 11 5 5
ppo_x50_b_fd_l4,25,qv14_31,14,92,True,386.0,1.0106816291809082,8 8 9 10 8 8 10 10 8 8 11 5 10 10 7 8 8 11 5 10 10 8 2 9 5 10 10 8 8 10 0 9 8 8 10 2 10 9 8 8 11 5 4 4 11 5 10 8 11 5 4 4 4 1 3 10 11 5 5 10 8 4 11 11 5 5 7 7 7 10 2 10 10 8 8 10 7 7 8 7 10 9 8 8 4 1 9 5 11 5 11 4 11 5 4 5 11 11 2 5 11 5 3 10 10 8 7 7 8 11 4 5 10 10 8 2 9 5 10 10 8 8 10 10 7 8 7 8 7 11 2 11 11 3 5 5 11 2 6 11 4 5 11 4 5 4 4 4 4 10 10 8 2 6 10 8 7 7 7 10 7 7 8 1 9 11 5 5 11 4 4 11 4 5 5 10 8 4 4 10 10 0 6 8 8 10 7 10 8 8 11 2 10 9 8 8 10 7 7 10 8 4 4 5 10 8 10 8 11 11 2 5 9 11 5 4 4 4 5 10 8 11 2 11 11 3 5 5 11 11 2 5 10 8 10 7 7 6 8 10 7 7 10 8 7 8 11 1 3 5 11 11 5 5 11 5 11 11 4 5 4 4 11 5 5 7 10 8 11 11 5 5 10 8 11 11 2 5 9 7 8 10 10 8 8 11 4 4 5 10 8 10 10 7 7 2 8 10 6 8 7 7 10 10 7 8 8 10 2 11 9 5 5 11 4 4 11 4 5 4 5 10 8 11 11 5 5 11 2 10 10 8 6 8 7 7 10 10 2 8 6 4 11 4 4 5 4 4 4 11 5 4 10 10 8 8 11 2 10 6 10 8 8 10 10 2 6 8 11 2 10 10 8 8 10 10 6 7 8 8 10 2 11 11 5 5
ppo_x50_b_fd_l4,26,qv14_32,14,89,True,368.0,1.032071590423584,8 8 10 9 8 8 11 5 10 10 8 2 9 4 5 10 10 7 8 8 10 10 8 8 11 5 7 10 2 9 10 8 8 10 10 8 8 11 5 10 10 7 8 8 1 11 5 3 11 5 11 5 4 4 11 11 5 5 11 5 0 9 10 8 7 8 10 0 6 7 7 8 10 10 8 2 9 8 11 5 11 11 4 4 5 5 11 1 3 4 4 1 3 4 11 5 2 10 9 8 5 10 10 8 8 0 9 5 10 10 8 7 8 11 5 10 10 8 7 8 10 7 7 8 7 11 11 5 2 9 5 11 4 11 2 3 4 5 11 11 5 5 10 8 4 11 11 5 5 0 6 7 10 8 7 10 10 8 7 8 11 5 10 10 7 8 5 10 2 6 4 11 11 4 5 5 4 11 11 5 4 4 11 5 5 10 8 0 9 8 4 4 10 10 8 8 10 10 2 6 7 7 8 11 5 10 8 7 7 10 7 10 7 8 2 9 5 11 4 11 4 5 5 4 4 11 11 2 3 5 11 2 3 10 7 8 7 10 10 7 8 2 9 8 11 5 4 4 11 11 4 5 2 10 8 7 10 7 8 11 9 5 5 11 11 4 4 5 5 4 10 10 8 8 10 8 11 2 10 9 8 8 10 2 10 10 6 7 7 8 8 11 5 11 4 2 10 9 8 8 10 2 7 6 7 11 11 5 2 9 5 11 5 4 4 4 11 11 4 4 2 5 11 4 5 10 9 8 8 10 8 11 4 5 10 10 8 7 8 11 5 10 10 2 6 8 10 10 2 8 10 10 6 7 8 8 7 11 2 9 10 8 8 11 11 4 5 5
ppo_x50_b_fd_l4,27,qv14_33,14,89,True,367.0,1.4547529220581055,8 8 10 10 8 8 9 10 8 8 11 5 11 5 10 10 7 7 8 8 11 5 10 7 10 8 8 10 10 8 8 10 10 8 8 11 5 10 10 2 8 9 5 11 11 4 5 4 4 4 5 11 2 11 11 5 5 9 8 10 7 7 7 7 10 8 8 4 1 9 8 11 11 5 5 11 4 5 7 11 4 11 4 5 2 9 4 4 10 8 8 7 7 10 8 11 5 11 5 7 11 10 7 8 7 8 7 11 2 11 9 5 5 7 11 2 6 10 10 8 8 7 7 11 2 10 9 8 8 11 5 11 11 5 5 4 4 11 11 5 5 0 9 8 7 10 7 7 8 7 7 11 11 2 5 4 9 5 4 11 11 4 1 4 4 4 5 3 5 10 8 10 8 7 10 8 11 11 4 5 5 10 8 11 11 4 5 2 10 8 9 8 4 10 10 8 8 7 10 7 8 11 4 5 10 10 8 7 7 8 10 10 8 8 10 2 6 4 11 5 4 10 10 8 8 11 5 11 11 4 5 5 10 8 11 11 4 4 4 5 2 11 5 3 10 10 8 8 10 7 8 7 7 7 10 8 10 10 7 8 8 4 10 2 9 8 11 11 5 4 4 4 4 4 4 5 10 2 9 8 1 11 9 5 4 5 4 11 2 10 10 7 8 8 7 10 6 8 7 11 11 5 5 10 7 10 2 6 8 7 7 10 7 8 10 2 11 3 11 5 5 10 2 9 8 7 11 11 4 5 5 10 8 11 11 4 5 5 10 2 6 11 11 4 4 4 5 8 4 11 2 4 3 10 10 8 8 10 10 8 8 11 2 10 10 8 8
ppo_x50_b_fd_l4,28,qv14_34,14,90,True,376.0,1.4553658962249756,8 8 10 10 8 8 10 10 8 8 9 5 10 10 8 8 10 0 9 8 8 4 4 11 2 11 5 9 11 5 4 5 11 2 3 10 10 8 7 8 10 0 6 7 10 8 8 10 10 8 8 10 10 8 8 4 10 8 11 11 5 5 10 2 11 9 5 5 4 10 2 9 10 8 7 8 11 4 4 5 10 8 10 10 8 8 11 4 4 1 3 5 11 5 4 4 10 11 5 5 1 3 10 8 10 7 7 7 8 10 10 2 8 9 8 4 11 5 7 7 7 7 7 11 11 5 1 3 5 4 4 11 5 10 2 11 9 5 5 11 4 4 11 5 5 11 2 9 10 8 8 10 10 8 8 10 10 7 8 7 7 7 8 11 11 5 4 2 11 9 4 5 8 11 5 11 11 5 5 11 2 9 11 5 5 7 10 7 8 10 10 8 0 6 8 10 10 7 8 2 7 10 8 4 9 11 5 5 11 5 0 10 9 8 8 10 2 10 10 8 8 4 4 4 4 11 4 5 4 4 11 5 11 9 5 5 10 7 7 8 7 7 0 9 8 10 2 10 7 6 8 11 11 5 2 9 5 11 11 2 3 5 11 11 4 5 8 11 2 11 4 5 11 9 5 5 7 0 9 8 10 10 2 6 8 11 4 5 7 7 7 7 7 10 7 7 8 7 11 11 2 5 9 5 11 11 2 5 4 4 3 4 11 11 5 5 0 9 5 10 7 8 10 10 8 2 10 10 8 8 9 5 7 10 10 2 8 9 8 7 11 11 5 5 11 11 4 5 5 10 2 6 11 11 5 5 11 11 4 5 4 5 7 10 8 11 11 4 5 5 10 8 11 11 2 5
ppo_x50_b_fd_l4,29,qv14_35,14,94,True,389.0,1.0285696983337402,8 8 10 9 8 8 11 5 10 10 8 2 10 10 8 8 9 10 8 8 11 5 11 5 10 10 7 7 8 8 11 2 4 11 5 10 10 7 7 7 8 8 9 10 8 8 11 5 4 11 11 5 2 9 8 7 10 10 8 8 4 11 2 11 3 11 5 5 10 8 11 11 5 1 4 3 5 11 11 2 5 9 8 11 11 5 4 5 0 6 7 7 7 10 8 10 7 7 8 7 7 7 11 11 4 5 2 9 5 11 5 11 11 2 5 9 5 4 4 4 4 11 11 5 2 10 8 7 7 10 7 10 8 6 7 7 8 11 5 11 4 5 7 10 7 10 2 7 8 9 5 11 4 4 4 11 2 3 5 11 4 11 5 2 9 11 5 5 10 8 7 10 10 7 8 7 7 8 10 8 7 7 7 11 11 4 5 2 4 11 5 4 11 11 5 5 3 10 7 7 7 7 10 8 8 4 10 8 10 8 4 11 11 5 2 11 9 5 5 11 5 1 11 3 11 4 5 8 11 11 5 5 10 8 10 0 6 8 10 8 7 7 7 0 10 7 10 7 6 8 2 9 5 4 11 11 5 5 10 8 10 10 8 8 11 5 4 11 11 4 5 5 10 8 11 11 4 5 5 1 9 8 11 5 11 11 5 4 5 11 2 10 9 8 8 10 2 7 7 7 7 9 8 1 11 11 5 5 11 5 4 11 9 5 5 7 10 7 8 7 10 8 10 10 8 8 10 8 4 11 4 5 10 10 8 8 10 10 2 6 8 10 10 8 8 4 11 2 9 5 7 7 11 11 4 5 8 4 4 4 4 11 5 10 8 11 11 4 4 5 5 10 8 11 11 5 5 10 7 7 8 11 11 2 5 11 11 5 5
ppo_x50_b_fd_l4,30,qv14_36,14,91,True,387.0,1.4836866855621338,8 8 10 10 8 8 9 10 8 8 11 5 10 10 7 8 8 10 10 7 8 5 10 7 7 11 5 5 11 2 11 9 5 5 4 4 11 5 11 11 2 3 5 11 11 5 2 9 8 10 10 8 8 10 10 7 7 0 6 8 7 8 10 10 7 8 8 11 5 10 10 8 2 11 5 6 11 11 1 5 3 4 5 11 5 11 11 5 2 11 5 9 4 5 10 10 7 8 7 7 8 10 2 10 10 8 8 10 8 7 11 9 5 5 11 4 4 5 11 11 5 4 5 11 5 11 11 2 3 4 5 10 2 10 10 8 6 7 7 8 10 8 10 10 8 8 11 5 10 10 2 8 10 10 7 8 8 9 5 4 11 11 2 3 4 5 4 11 5 11 4 5 10 2 11 11 5 5 3 4 10 10 8 7 7 8 0 9 8 10 10 7 8 7 8 11 5 10 10 2 7 8 4 4 3 11 5 11 4 5 4 4 4 0 10 6 7 8 7 10 10 8 7 8 10 10 8 8 1 9 8 11 4 5 11 11 5 4 5 10 2 11 9 5 4 5 7 11 11 4 4 5 5 7 7 7 11 2 10 10 8 8 9 5 10 10 8 8 7 10 8 10 10 8 8 10 2 3 10 11 5 4 5 11 11 5 2 3 4 11 5 11 11 4 4 5 4 5 10 7 8 10 8 11 11 5 2 6 7 7 10 8 7 10 10 8 7 7 8 11 5 4 11 5 7 7 7 7 11 11 5 2 9 5 4 4 11 5 11 11 5 4 4 4 11 5 5 10 8 7 10 8 4 4 4 10 10 8 8 11 2 10 9 8 7 8 11 4 5 10 10 2 6 8 7 7 10 8 4 10 10 8 8 10 10 2 8
ppo_x50_b_fd_l4,31,qv14_37,14,94,True,391.0,1.0128090381622314,8 8 9 10 8 8 10 10 8 8 11 5 10 10 7 8 8 10 10 8 8 11 5 7 10 10 8 8 10 10 8 8 11 5 7 11 11 4 5 2 11 3 5 4 4 4 10 10 0 7 8 8 6 7 7 11 5 11 11 5 5 10 2 7 10 8 10 9 8 8 11 5 11 11 5 5 10 7 7 8 11 5 11 11 4 4 5 5 1 4 11 5 4 4 11 9 5 5 7 0 9 8 10 7 8 11 11 2 5 9 5 7 11 5 10 10 7 2 6 8 11 5 10 7 10 2 8 9 5 7 7 11 11 4 4 5 8 4 4 11 2 3 4 10 10 8 8 11 5 4 4 10 10 8 7 2 7 6 7 7 7 10 8 7 10 7 10 2 8 9 5 11 4 4 11 2 5 4 9 11 4 5 5 4 11 5 10 2 10 7 9 8 8 10 7 7 8 1 11 3 11 5 5 7 10 8 11 4 11 4 5 2 11 4 3 5 11 11 5 2 9 8 10 10 8 8 10 0 6 7 7 7 8 7 7 7 7 11 11 4 5 5 11 2 9 5 11 11 5 2 4 4 4 9 5 4 11 11 5 2 9 8 10 10 7 7 8 8 7 10 8 10 10 7 8 8 11 5 7 10 8 10 10 8 2 9 5 11 4 11 5 1 3 5 10 8 11 11 4 4 5 5 10 8 4 11 11 5 2 9 5 10 8 10 7 10 8 2 9 8 10 8 7 7 10 10 8 2 9 8 11 4 4 11 2 3 5 4 4 11 11 5 4 5 4 10 2 10 10 8 8 6 7 7 7 7 10 0 6 8 7 11 11 2 5 11 11 5 5 11 11 4 5 5 9 8 11 11 5 5 11 11 4 5 5 11 2 10 10 8 8
ppo_x50_b_fd_l4,32,qv14_38,14,90,True,363.0,1.451127290725708,8 8 10 10 8 8 9 10 8 8 11 5 11 5 7 10 10 7 8 8 10 10 8 8 4 11 5 10 0 7 7 9 8 8 7 7 11 2 6 11 11 5 5 1 9 5 11 11 5 5 10 8 11 4 4 1 9 5 8 0 9 8 7 11 11 5 2 9 4 5 7 10 10 7 0 8 8 9 10 8 8 10 7 8 1 9 4 4 5 7 11 11 5 5 4 11 5 11 11 5 2 11 11 3 4 5 5 10 8 11 11 5 2 10 8 7 9 8 10 7 10 8 2 6 10 7 10 2 6 7 8 10 10 8 2 9 8 4 4 11 4 4 11 5 2 3 4 11 5 4 11 2 11 9 5 5 7 0 6 7 7 11 5 11 5 10 10 7 8 7 8 10 2 7 10 9 8 8 10 8 7 1 9 8 11 11 5 5 4 4 4 4 4 11 4 4 5 10 10 2 8 9 5 7 10 10 7 7 8 5 10 10 8 8 11 5 11 10 2 8 10 10 8 8 9 8 11 5 4 4 11 11 5 5 4 4 11 4 5 4 10 10 8 8 11 2 9 5 10 10 8 8 10 8 11 11 5 2 11 4 5 3 10 10 7 8 8 10 0 10 8 7 8 7 7 10 9 8 8 10 2 6 11 4 4 11 2 5 11 5 11 3 4 11 5 2 9 4 5 10 7 8 10 10 8 8 10 10 2 8 10 8 9 10 8 8 10 8 10 2 11 11 5 3 5 11 11 5 5 11 11 2 5 11 3 5 4 11 11 4 5 8 11 2 3 10 10 2 6 7 7 8 10 8 4 10 10 8 8 10 10 2 8
ppo_x50_b_fd_l4,33,qv14_39,14,87,True,365.0,1.0218098163604736,8 8 10 10 8 8 10 10 8 8 11 5 10 10 7 8 8 9 5 10 0 10 8 8 10 9 8 8 10 2 11 4 3 5 10 10 8 2 10 8 10 9 8 8 4 4 4 4 11 5 10 11 4 5 5 11 11 4 5 5 0 9 8 10 7 8 7 11 11 5 2 9 5 11 11 2 5 9 8 4 4 10 10 8 0 6 7 7 7 0 6 8 11 5 11 5 7 10 10 8 7 8 10 10 2 8 10 8 11 4 4 3 4 4 4 1 3 4 5 11 4 5 10 10 8 2 10 10 7 8 8 9 8 10 10 7 8 7 8 10 8 11 1 9 5 5 11 4 4 4 11 2 5 9 5 11 11 2 5 3 10 8 10 10 2 6 7 7 8 10 2 10 6 10 8 8 10 10 2 8 9 5 11 5 4 4 4 11 4 5 4 4 10 8 11 11 5 4 4 5 11 2 10 9 8 8 7 11 5 10 2 6 7 7 10 10 7 8 8 11 2 9 5 10 10 8 8 7 10 2 9 8 7 11 11 5 5 4 4 1 9 5 4 11 11 5 2 6 4 11 11 5 2 9 8 11 11 5 5 7 7 7 7 7 7 7 10 7 8 1 4 4 9 11 5 5 11 2 11 4 3 5 10 10 2 8 10 7 9 8 8 10 2 10 9 8 8 4 11 5 7 10 10 7 8 7 8 11 2 3 4 10 10 8 8 11 5 11 11 5 5 11 11 4 5 2 11 9 5 5 11 2 11 5 3 4 4 10 10 8 7 7 8 11 5 4 10 10 8 7 8 11 5 10 10 8 8 10 7 10 7 7 2 6 8
ppo_x50_b_fd_l4,34,qv14_4,14,90,True,365.0,1.4668967723846436,8 8 10 9 8 8 10 10 8 8 11 5 10 10 7 8 8 11 5 10 10 7 8 8 10 10 8 8 11 5 1 11 9 5 5 0 9 8 7 10 10 7 8 8 11 5 7 11 2 6 11 11 5 4 4 5 1 3 4 1 4 11 4 5 11 9 5 5 0 7 9 8 1 9 10 8 8 7 7 11 11 5 5 10 8 10 10 7 7 8 5 10 8 10 10 2 8 6 4 10 11 2 3 4 4 5 11 4 5 11 11 4 5 8 1 9 5 7 7 10 8 11 11 5 5 10 8 10 10 7 8 8 10 10 8 7 7 7 8 10 2 9 11 5 4 5 10 8 11 1 9 5 5 4 11 5 7 10 11 4 5 5 10 8 11 4 5 4 4 11 11 5 5 7 11 2 9 10 8 7 8 11 4 5 11 5 10 7 10 8 2 9 4 5 10 10 7 0 6 8 8 10 8 10 10 7 8 8 10 2 10 9 8 8 4 11 5 4 10 10 7 8 5 11 5 11 1 9 5 5 4 4 11 5 4 10 2 9 11 5 5 11 11 5 5 0 9 8 11 5 10 10 7 7 7 8 8 10 2 10 9 8 7 8 11 5 10 10 8 8 1 9 5 11 11 2 4 4 5 9 5 4 4 10 10 2 8 9 5 10 10 7 8 7 7 8 10 2 7 7 7 11 11 5 5 9 5 11 4 4 11 5 5 10 7 8 11 5 10 10 8 8 11 4 5 11 11 5 2 11 3 4 4 4 5 11 2 10 10 7 8 8 11 5 10 10 8 8 10 6 10 7 7 8 8 10 10 2 8 9 8 10 10 2 8
ppo_x50_b_fd_l4,35,qv14_40,14,89,True,376.0,1.4319126605987549,8 8 10 10 8 8 10 9 8 8 10 2 10 10 8 8 10 9 8 8 10 2 10 10 8 8 10 10 8 8 9 5 11 11 5 4 5 4 4 4 4 11 5 10 8 11 11 4 5 2 11 5 4 10 10 8 8 7 9 7 8 7 10 7 7 7 7 10 2 6 8 11 5 11 11 4 5 5 4 4 1 11 5 3 4 4 11 5 10 10 8 2 9 5 10 10 7 8 8 11 5 4 11 5 4 10 10 7 7 7 8 8 10 10 7 8 8 11 5 7 10 10 7 2 6 8 11 4 4 4 11 5 5 11 11 5 4 4 5 7 10 8 7 0 9 10 8 8 10 8 11 11 2 5 10 8 7 7 10 9 8 8 4 1 9 5 11 4 4 4 4 11 5 5 11 2 9 4 5 10 10 8 8 7 10 8 11 5 11 2 9 4 5 7 10 10 7 8 8 11 5 10 10 7 8 5 10 10 7 8 5 1 9 5 11 4 11 2 5 9 8 4 1 4 11 4 11 5 3 5 7 7 7 7 10 7 7 8 10 7 7 10 8 2 9 7 11 5 4 5 10 8 11 1 3 11 5 5 10 8 11 11 4 5 4 5 0 9 8 11 11 5 5 10 8 11 11 2 3 4 5 11 2 10 10 8 8 11 5 10 10 8 8 10 7 9 8 8 10 7 8 7 7 7 10 2 11 11 4 5 5 9 11 2 3 5 11 11 4 5 8 11 4 5 4 10 10 8 8 11 5 4 4 4 10 10 8 2 9 8 7 7 10 7 7 8 10 10 8 2 9 8 11 11 2 3 4 5 10 8 11 11 4 5 5 11 5 4 10 10 2 8 10 10 8 8
ppo_x50_b_fd_l4,36,qv14_41,14,93,True,391.0,1.0035405158996582,8 8 10 10 8 8 10 9 8 8 7 7 10 2 10 10 8 8 10 9 8 8 10 2 10 9 8 8 4 4 4 4 4 4 11 11 5 5 10 8 0 9 10 8 8 11 5 10 7 7 10 2 8 9 10 8 8 11 4 5 11 11 4 5 8 11 5 11 4 11 5 5 11 4 5 11 2 10 6 10 8 8 10 2 9 8 7 7 10 10 8 7 7 7 7 8 11 2 6 11 11 5 5 11 11 2 3 5 11 5 4 11 11 4 5 5 4 10 2 10 9 8 8 11 5 10 7 7 7 10 8 7 7 8 10 10 2 8 9 5 7 11 11 5 4 5 10 8 11 11 4 4 5 2 3 4 4 11 11 2 5 9 8 4 4 10 10 8 8 7 0 10 9 8 7 8 11 5 10 7 10 8 2 9 8 4 11 11 5 4 5 7 7 10 7 7 8 7 10 10 8 2 9 5 11 4 11 5 5 11 4 1 4 3 11 5 4 5 4 10 10 8 2 10 9 8 7 8 11 5 10 2 9 10 8 8 10 10 8 8 11 5 11 10 7 8 8 11 1 5 11 4 4 11 3 5 5 4 11 2 11 9 5 5 7 7 0 6 7 11 10 7 8 5 10 8 11 10 8 8 7 7 10 10 8 2 9 8 4 4 11 4 5 10 11 5 5 11 11 4 5 2 9 8 11 4 4 11 2 5 9 5 10 10 8 2 9 5 10 10 7 8 8 7 10 8 10 7 7 7 10 2 6 8 11 5 11 11 5 5 1 4 11 3 4 4 5 0 9 8 10 10 7 8 8 1 9 5 11 4 5 11 11 5 5 4 4 10 10 8 2 9 8 10 10 7 7 8 8 10 10 8 8 7 7 10 8 11 11 2 5
ppo_x50_b_fd_l4,37,qv14_42,14,94,True,393.0,1.029604434967041,8 8 10 9 8 8 10 10 8 8 11 5 10 10 7 8 8 10 10 8 8 11 5 11 5 4 11 5 10 10 8 2 10 10 8 7 8 10 10 8 8 10 9 8 8 11 2 4 9 5 11 11 5 5 11 11 2 3 5 10 8 4 4 4 4 11 11 5 5 7 7 7 7 10 2 10 7 8 9 10 8 7 8 7 7 11 2 11 11 5 5 4 11 4 9 5 5 4 4 11 11 2 5 3 10 8 7 10 7 0 9 8 7 8 11 10 8 8 10 0 6 7 8 11 2 6 11 11 5 5 10 8 11 11 4 4 4 5 5 7 10 2 6 10 8 4 11 11 4 4 5 8 10 2 11 3 11 4 5 5 10 7 8 10 10 8 8 11 5 11 11 2 3 4 4 5 10 7 8 7 7 7 7 7 7 7 7 11 2 11 5 4 11 11 5 3 4 5 4 11 4 11 5 5 10 8 11 11 2 5 9 8 10 10 8 2 10 10 8 8 10 9 7 8 5 10 8 10 10 2 8 9 5 7 7 7 7 11 11 1 5 5 9 5 11 4 1 3 5 10 10 8 8 11 4 4 5 10 8 11 11 5 4 4 5 11 11 2 5 9 8 10 10 7 8 0 7 7 6 8 10 7 7 11 5 5 10 7 8 7 11 2 11 9 5 5 11 2 3 11 4 4 11 5 2 11 5 11 9 5 7 8 11 5 10 7 7 10 8 8 10 2 3 10 8 10 10 8 8 10 10 7 8 5 1 9 8 11 5 4 4 4 11 11 5 4 5 11 11 2 5 10 7 6 8 11 5 11 11 5 4 5 4 0 9 5 10 10 8 8 10 10 7 7 2 6 8 10 10 2 8 10 10 6 7 8 8 10 2 11 11 5 5
ppo_x50_b_fd_l4,38,qv14_43,14,93,True,396.0,1.0948607921600342,8 8 10 9 8 8 10 10 8 8 11 5 11 11 5 5 10 8 10 10 7 7 8 8 11 5 10 10 7 8 8 10 10 8 8 1 9 5 11 11 2 5 3 4 4 10 10 8 7 8 10 10 7 7 7 8 5 10 2 9 11 5 5 11 4 4 4 5 10 7 7 10 8 2 9 5 10 10 8 8 4 4 4 11 5 11 11 5 4 11 5 5 7 7 11 2 3 11 11 5 5 10 8 11 11 4 4 5 2 9 8 10 8 4 10 10 8 7 7 7 7 8 7 7 7 11 11 2 5 3 11 4 4 5 10 7 10 8 8 11 5 11 11 2 5 3 4 11 4 4 5 10 10 8 2 9 5 10 10 8 8 10 10 2 6 8 10 10 0 6 8 7 7 8 4 11 10 8 2 3 10 10 8 8 4 4 11 11 5 5 10 8 11 11 2 3 4 4 4 5 4 11 5 4 10 10 8 2 9 8 7 10 7 10 8 2 3 10 10 8 8 10 2 6 7 7 7 11 11 5 2 11 4 3 4 5 11 11 4 5 2 9 4 5 10 8 7 7 10 8 10 10 7 2 8 9 8 11 1 9 5 8 4 4 4 11 5 11 11 5 4 5 7 10 2 9 8 11 11 4 5 5 10 8 10 2 7 9 10 7 8 7 7 8 10 2 10 10 7 8 8 9 5 7 11 11 5 4 4 4 5 11 2 3 4 4 11 5 10 10 8 8 11 5 4 4 4 10 10 8 2 6 7 7 11 10 8 8 10 10 8 2 9 8 11 5 4 11 11 2 5 11 5 7 7 7 10 7 9 8 8 10 10 8 7 8 10 2 11 11 5 3 5 11 11 4 5 2 9 5 7 11 11 5 5 11 11 4 5 5 10 8 11 11 2 5
ppo_x50_b_fd_l4,39,qv14_44,14,92,True,384.0,1.0034246444702148,8 8 10 9 8 8 10 10 8 8 11 5 10 10 7 7 8 5 10 10 8 8 11 4 4 5 7 10 2 10 10 7 7 8 8 10 9 8 8 11 2 6 11 11 5 5 10 8 11 11 4 5 2 9 8 4 11 5 11 11 5 2 6 11 4 5 4 11 2 4 3 10 10 8 7 7 8 11 2 9 5 10 10 8 7 7 8 7 7 7 10 8 4 10 8 11 11 2 3 4 5 10 7 8 4 11 4 11 2 5 6 4 4 11 5 4 4 4 10 2 11 11 5 5 9 8 10 10 7 7 0 8 6 8 10 10 0 6 8 8 10 8 1 3 4 4 4 11 5 11 11 5 2 9 5 10 7 8 10 10 7 7 7 7 8 8 11 5 4 11 5 10 10 8 8 11 5 10 10 7 8 8 10 2 11 11 5 5 11 9 8 7 8 11 11 5 5 7 10 8 11 11 5 5 11 11 4 5 5 10 2 3 11 5 4 4 11 11 5 5 11 11 2 5 9 8 10 10 8 8 7 10 10 8 7 7 8 10 2 9 8 11 11 5 5 4 4 11 11 4 2 3 5 11 11 5 2 9 8 10 10 7 8 7 8 11 2 10 7 7 10 8 6 8 7 7 10 8 11 5 10 10 2 8 9 5 11 4 11 5 5 4 1 11 5 9 5 11 4 11 2 3 5 10 8 7 7 10 10 2 8 9 8 11 4 11 4 5 2 9 8 11 11 5 4 4 5 11 2 10 6 10 8 8 7 10 10 2 6 8 4 10 2 10 10 7 7 6 8 7 8 11 2 10 10 8 8 9 5 11 11 4 5 5 10 8 11 11 5 5 11 11 4 4 5 5 11 11 5 5 11 11 2 5
ppo_x50_b_fd_l4,40,qv14_45,14,91,True,380.0,1.4905881881713867,8 8 10 9 8 8 10 10 8 8 11 5 10 7 10 7 8 5 10 2 10 9 8 8 11 4 5 11 5 7 7 10 10 7 8 8 11 5 10 10 7 8 8 1 11 5 3 11 4 4 5 4 4 4 4 11 11 5 5 10 2 7 11 9 5 5 10 7 8 10 10 8 7 8 4 11 2 9 5 0 10 10 7 8 6 7 7 7 8 11 2 9 10 8 8 11 5 11 11 5 5 10 2 9 8 11 11 5 5 7 10 7 8 4 10 8 11 11 4 5 2 9 8 11 5 4 4 1 9 5 11 11 5 5 11 11 5 5 0 9 8 7 10 7 7 10 8 2 9 5 10 10 0 6 8 7 7 7 8 11 2 7 11 11 5 5 3 4 4 11 5 11 11 5 5 4 11 4 11 5 5 7 11 2 10 10 8 8 9 5 10 10 8 2 11 5 7 10 10 8 7 7 8 10 9 8 8 10 7 8 11 2 6 11 11 5 5 11 5 7 0 9 8 11 11 4 5 4 5 11 5 11 11 5 2 9 8 4 4 4 4 10 10 8 8 0 10 7 8 9 11 5 5 10 8 10 10 7 7 7 8 5 4 4 4 4 10 2 10 8 7 9 10 8 7 7 8 10 2 6 11 11 2 4 3 5 4 4 11 5 11 11 5 5 10 2 11 11 5 5 11 9 8 5 7 7 7 10 10 8 2 9 10 8 8 10 7 7 8 1 11 9 5 5 11 11 5 4 4 5 4 10 11 2 4 5 4 3 10 10 8 8 10 10 7 2 8 6 10 7 8 10 10 8 2 9 8 10 10 8 8 10 2 11 11 5 4 4 5 11 11 4 5 5 10 8 11 11 5 5
ppo_x50_b_fd_l4,41,qv14_46,14,95,True,395.0,1.033339500427246,8 8 9 10 8 8 10 10 8 8 11 5 10 10 8 2 9 5 10 10 8 8 10 10 8 8 10 10 8 8 11 5 10 2 10 10 7 8 8 9 5 4 11 1 4 3 11 5 4 5 11 2 3 10 10 7 2 6 7 8 10 10 8 2 9 8 4 11 11 4 5 1 5 9 5 11 11 5 5 11 11 4 5 5 0 9 8 11 5 7 10 8 7 1 9 11 5 5 11 2 3 10 10 7 7 8 7 7 8 11 2 4 11 5 10 9 8 8 10 2 10 10 8 7 8 9 5 10 10 8 7 8 10 2 11 9 5 5 10 8 11 11 2 3 5 10 8 7 11 11 5 4 5 4 4 4 11 5 4 4 11 5 10 10 8 2 9 5 10 10 7 8 7 8 7 7 10 8 10 2 6 11 11 4 5 5 11 2 11 4 9 5 5 10 8 11 4 4 1 4 5 3 10 8 10 10 8 8 10 10 8 2 6 7 10 8 7 10 7 8 7 11 11 5 2 9 5 11 11 4 5 5 0 9 8 11 11 5 5 11 5 4 11 11 2 4 3 5 10 8 10 8 10 7 10 8 7 7 8 7 7 10 10 8 2 6 4 1 4 4 4 3 4 4 11 5 10 11 5 5 4 4 10 10 8 2 7 9 7 8 7 10 10 2 6 8 10 10 8 8 11 5 7 10 10 8 2 9 8 11 5 11 11 4 5 4 4 5 4 11 11 2 4 5 9 8 11 4 5 10 8 7 7 7 0 6 7 10 7 7 8 11 11 2 3 5 11 5 1 9 11 5 5 11 5 11 2 4 4 3 10 10 8 8 10 8 4 10 10 7 8 7 8 11 2 11 11 5 5 10 10 7 7 6 8 7 7 7 8 10 2 11 11 5 5
ppo_x50_b_fd_l4,42,qv14_47,14,91,True,382.0,1.493506908416748,8 8 10 9 7 8 5 11 2 3 10 10 7 8 8 11 5 7 7 7 10 10 8 8 10 10 8 8 11 5 7 7 7 11 11 5 5 1 9 8 10 11 4 5 5 4 4 1 11 9 4 5 8 11 5 10 7 8 4 11 11 4 4 2 5 10 9 8 8 10 8 7 10 10 7 8 5 10 8 4 10 2 10 10 8 6 8 10 10 2 6 8 11 5 10 10 2 7 8 9 5 11 5 11 11 5 1 3 5 7 11 11 5 4 5 4 4 11 11 5 4 5 10 7 8 0 7 7 6 7 7 11 10 8 7 8 10 10 2 6 8 4 4 11 4 5 11 11 4 5 5 10 8 11 11 4 4 5 5 10 8 10 8 4 11 11 5 5 10 2 3 10 8 7 10 10 8 2 9 8 10 10 8 8 11 10 2 6 8 10 2 10 10 8 8 10 8 7 11 9 5 5 4 4 4 4 11 5 4 4 4 11 11 5 5 0 9 5 10 7 8 10 10 7 8 8 7 10 10 2 8 10 10 8 7 6 8 11 5 11 5 4 10 10 8 8 11 5 7 7 11 11 5 4 4 5 11 11 4 5 5 10 8 10 11 2 3 5 4 4 11 2 11 9 5 5 7 10 8 4 11 5 10 10 7 8 7 7 8 11 5 7 7 7 10 10 2 8 6 11 5 11 11 4 5 4 5 11 11 5 2 9 8 4 11 4 5 10 10 8 8 10 10 8 0 6 8 7 7 7 10 2 7 10 6 8 11 11 2 5 11 11 5 5 3 11 5 7 11 11 4 5 5 10 8 11 11 5 2 4 9 5 11 11 2 5 3 10 10 7 7 2 6 8 10 10 8 8 10 10 2 8
ppo_x50_b_fd_l4,43,qv14_48,14,90,True,383.0,1.01123046875,8 8 10 10 8 8 10 10 8 8 9 5 10 10 8 8 10 10 8 8 11 5 4 11 5 7 7 7 10 10 8 8 10 10 8 8 11 1 3 5 4 1 4 3 4 4 11 5 11 11 5 2 11 5 10 9 8 7 7 8 10 7 7 8 4 10 10 8 8 11 4 4 5 10 2 10 7 8 7 7 7 6 11 11 5 2 9 4 5 11 4 4 4 4 4 5 11 11 2 3 5 7 7 7 10 8 10 1 9 8 8 10 7 7 10 8 8 10 2 11 9 5 5 10 8 11 11 4 5 5 11 11 4 4 5 5 10 8 11 11 5 4 5 10 2 6 7 10 10 7 8 2 7 7 7 9 7 7 8 7 11 11 5 2 9 5 4 4 4 11 11 4 5 8 11 5 11 11 5 2 9 8 11 11 5 5 7 7 0 7 7 6 7 10 7 7 8 11 2 11 9 5 5 10 7 7 8 1 9 5 4 4 4 4 4 4 11 11 2 5 10 8 7 7 7 7 10 9 8 8 10 8 10 2 6 7 11 11 5 4 4 4 11 5 4 5 10 2 9 11 5 5 11 2 4 4 3 10 10 8 8 10 8 10 10 7 8 8 10 2 3 10 8 10 10 8 2 9 8 11 5 11 11 2 3 4 5 11 2 4 3 4 4 11 5 10 10 8 2 9 5 10 10 7 8 7 7 8 11 5 11 5 4 10 10 8 7 7 7 8 7 1 11 9 5 4 5 11 5 11 2 11 3 10 7 7 8 8 11 5 11 5 10 10 2 6 8 10 10 7 8 8 7 10 2 11 11 4 5 5 9 8 11 11 4 4 4 4 4 5 4 4 5 11 2 10 10 8 8 10 10 8 8
ppo_x50_b_fd_l4,44,qv14_49,14,94,True,401.0,1.1300108432769775,8 8 10 10 8 8 9 10 8 8 11 5 10 10 7 8 8 10 10 8 8 11 5 11 10 2 6 8 10 10 8 8 1 3 4 1 9 4 5 7 10 8 11 11 4 2 3 5 11 5 4 10 10 2 8 10 7 6 8 11 11 5 2 9 5 10 7 10 7 7 7 7 8 8 11 5 11 2 11 9 5 5 4 4 1 3 4 4 4 4 11 5 10 8 4 10 2 10 10 8 6 8 10 7 7 7 8 7 7 10 10 7 8 2 9 5 11 4 5 11 11 5 5 11 11 5 4 4 5 11 5 7 10 10 8 2 9 8 7 10 8 4 11 4 4 4 1 9 5 5 4 10 2 10 10 8 8 7 9 7 8 11 5 4 11 5 10 10 7 7 8 7 7 8 10 10 2 7 8 9 5 11 5 11 5 4 4 4 11 4 4 5 4 4 10 10 8 2 9 8 7 10 7 7 0 7 6 7 8 7 7 11 11 5 4 5 10 2 11 11 5 5 9 8 11 11 5 2 9 8 11 11 5 5 11 5 10 10 8 2 10 8 9 10 8 7 7 7 8 10 2 11 3 11 5 5 1 9 5 11 4 4 5 11 11 4 5 2 9 5 7 10 7 7 10 2 8 9 8 10 10 8 7 7 7 8 4 4 4 4 4 10 2 9 8 11 11 4 5 8 4 4 4 4 4 10 2 10 10 8 8 9 8 10 7 8 7 7 10 10 7 8 2 9 5 10 10 2 8 6 4 4 4 4 4 11 1 3 4 10 8 8 11 5 1 3 4 11 11 4 5 2 9 8 10 8 4 10 10 8 8 10 10 2 6 8 10 7 10 2 8 9 5 10 10 8 8 10 10 8 8 10 2 6 11 11 5 5 11 11 2 3 4 4 5 10 2 11 11 5 5
ppo_x50_b_fd_l4,45,qv14_5,14,87,True,358.0,1.4259061813354492,8 8 10 9 8 8 10 10 8 8 11 5 10 10 2 8 10 10 8 8 9 10 7 8 5 10 10 8 8 10 10 8 8 11 5 11 11 5 2 9 8 10 10 2 8 9 11 5 4 4 11 5 5 4 10 8 11 1 4 4 5 4 4 3 10 10 8 2 7 7 7 9 8 11 11 5 5 11 5 10 7 0 6 8 10 10 8 8 10 10 8 7 7 8 11 4 1 5 11 5 3 4 11 5 11 11 5 5 10 2 10 6 7 8 10 7 10 8 8 10 2 9 10 8 8 4 4 4 11 5 11 11 5 5 4 4 4 10 2 10 10 8 8 9 8 7 0 9 8 7 10 10 2 8 6 11 4 5 11 11 5 5 10 2 11 11 5 3 4 4 4 5 10 8 10 8 4 11 4 4 10 8 2 9 8 10 10 7 2 6 7 8 11 10 7 8 7 7 8 10 10 8 8 10 2 9 11 5 5 11 2 11 11 5 4 3 5 7 11 11 5 4 5 11 4 11 2 5 3 10 8 10 10 8 8 11 4 5 10 10 8 8 10 10 8 2 9 8 10 10 8 7 7 8 1 11 4 4 5 3 11 4 5 4 4 11 11 5 5 7 7 7 0 9 5 7 7 7 10 10 2 8 9 5 7 7 10 10 8 8 1 9 8 11 5 4 11 11 5 5 11 5 11 11 5 5 4 11 11 2 5 11 5 3 10 10 8 7 7 10 8 7 7 8 10 2 9 8 7 7 7 11 11 5 5 10 2 11 11 4 3 5 4 5 11 2 4 10 10 8 7 8 11 5 10 10 8 8
ppo_x50_b_fd_l4,46,qv14_50,14,86,True,355.0,1.4366068840026855,8 8 10 9 8 8 10 10 8 8 11 5 10 10 7 8 8 11 5 7 10 7 7 11 5 5 10 7 10 8 8 11 5 10 10 7 8 8 11 2 4 11 9 5 8 11 1 11 5 5 9 8 11 11 5 4 5 0 9 8 11 11 5 5 11 11 4 4 5 8 0 9 5 10 7 7 7 8 10 7 8 4 10 10 8 7 7 8 4 11 5 10 7 10 8 2 10 9 8 8 10 2 11 9 5 5 11 4 5 4 4 4 11 11 5 4 5 10 10 8 2 9 8 7 11 10 8 8 10 10 2 6 8 10 10 7 8 8 1 9 5 11 5 10 10 8 8 11 5 11 11 4 5 4 4 4 11 5 4 5 7 10 8 11 4 4 11 5 5 7 11 2 9 10 8 8 10 2 6 11 11 2 5 9 8 10 10 8 8 7 0 6 7 7 11 1 11 5 3 5 10 8 11 11 4 5 5 4 11 5 10 2 10 8 10 9 8 8 11 5 4 4 4 10 10 8 8 10 8 10 8 7 7 0 9 10 8 7 8 7 10 8 1 9 5 10 8 11 11 4 5 5 11 5 11 4 4 4 4 4 5 10 10 8 2 9 8 7 7 10 7 11 2 5 9 5 11 5 4 10 10 8 7 7 8 7 7 11 11 2 5 9 11 5 5 10 8 11 4 11 2 5 9 8 4 11 11 5 5 10 8 4 11 11 5 2 3 10 10 7 7 8 8 10 10 2 7 8 9 5 10 10 8 8 10 10 8 8 11 5 7 7 11 11 2 5 11 11 5 3 5 11 11 2 5
ppo_x50_b_fd_l4,47,qv14_51,14,96,True,415.0,1.1316790580749512,8 8 10 10 8 8 10 9 8 8 11 2 9 10 7 8 8 11 5 10 10 7 8 8 11 5 11 5 7 10 10 7 8 8 10 10 8 8 11 5 7 11 2 11 11 5 3 5 11 4 4 4 4 4 4 4 11 2 5 9 8 10 10 8 8 10 8 7 10 10 2 8 11 5 10 9 7 8 5 10 2 7 6 7 7 7 11 11 2 5 4 9 4 5 7 11 11 5 4 4 5 7 10 8 4 11 11 4 4 5 8 11 5 11 11 2 5 9 8 7 10 7 0 9 8 5 7 10 7 10 8 8 11 5 4 11 10 7 8 8 11 5 7 7 7 7 7 11 11 5 2 11 11 4 5 3 4 4 4 4 5 4 10 2 11 9 5 5 10 8 4 10 10 8 7 7 8 10 8 10 10 7 8 2 11 5 10 9 8 7 8 4 4 4 10 2 9 10 8 8 7 11 2 11 11 3 4 5 5 11 11 4 5 5 10 2 7 11 9 5 5 10 2 9 11 5 5 11 2 3 10 10 7 7 8 7 8 7 0 6 7 7 7 10 8 1 9 5 10 8 11 11 4 5 4 4 5 10 7 8 11 4 11 5 4 5 4 11 11 2 5 9 8 10 10 7 8 8 1 9 5 11 5 10 10 7 8 8 11 5 10 8 7 7 10 10 8 2 9 8 4 4 11 11 5 5 4 4 4 11 5 11 11 2 5 6 10 8 4 4 10 10 8 7 8 10 7 8 7 0 9 8 7 10 10 8 7 8 4 11 2 4 11 5 11 9 5 5 11 11 4 5 5 4 11 5 10 2 10 10 7 8 8 11 5 10 9 8 8 10 0 9 8 7 8 10 2 7 10 9 8 8 1 9 4 5 11 5 7 11 11 4 5 5 7 11 11 4 5 5 7 11 11 2 3 4 4 4 5 11 2 10 10 8 8
ppo_x50_b_fd_l4,48,qv14_52,14,92,True,395.0,1.0209777355194092,8 8 10 9 8 8 10 0 10 8 8 9 5 10 10 8 8 10 10 8 8 11 5 11 10 7 7 8 8 10 2 10 9 8 8 1 9 11 5 4 4 5 11 11 5 4 4 5 11 11 5 2 11 11 5 5 9 8 10 7 8 10 10 8 7 7 8 10 10 7 8 7 8 11 2 11 3 5 11 4 4 11 5 2 11 9 5 4 4 5 10 2 9 7 8 10 8 7 10 7 0 9 8 5 10 7 2 7 7 6 11 11 5 2 9 5 11 11 4 2 3 4 5 10 8 11 11 5 4 4 5 11 2 11 9 5 5 7 7 10 8 7 7 10 7 8 11 10 8 8 11 2 11 9 5 4 5 11 4 11 5 5 11 5 0 9 7 8 7 7 10 10 8 7 7 8 10 7 8 11 1 9 5 8 11 11 5 5 10 11 5 5 4 10 10 8 7 8 11 4 5 7 11 11 2 3 4 5 11 11 4 5 5 11 4 5 10 2 6 10 7 7 8 11 11 5 5 11 2 11 5 3 10 10 7 8 2 9 5 10 10 7 7 7 2 8 9 8 7 7 1 11 11 5 4 5 4 9 5 11 11 5 2 9 4 5 7 10 8 7 10 10 8 8 10 8 11 10 7 8 2 9 5 10 7 10 8 8 4 1 9 5 4 4 4 11 4 4 11 4 2 3 5 10 7 8 7 7 10 7 7 10 8 2 9 8 7 11 11 5 5 11 11 5 5 11 5 4 11 5 4 4 4 10 10 7 8 5 0 9 8 10 7 7 8 7 10 7 7 7 8 4 11 5 11 11 2 4 5 9 8 11 11 5 5 11 11 5 2 9 8 11 11 5 5 7 7 10 8 4 10 10 8 8 10 10 8 7 7 7 8 11 11 2 5
ppo_x50_b_fd_l4,49,qv14_53,14,91,True,384.0,1.4761199951171875,8 8 10 10 8 8 10 9 8 8 10 2 10 9 8 8 10 10 8 8 1 9 5 4 11 5 4 4 4 4 10 10 2 8 7 7 6 7 10 7 8 7 7 10 10 8 8 4 11 10 2 8 9 8 11 11 4 4 4 5 8 11 5 1 9 5 4 11 11 5 5 7 10 0 6 8 7 11 2 10 10 6 8 7 8 10 2 9 8 11 1 9 5 5 4 11 5 11 4 11 4 5 8 11 4 5 7 11 11 5 5 10 7 8 11 11 5 5 11 2 10 10 8 8 10 10 8 6 8 11 5 7 10 10 2 8 10 6 10 8 7 8 11 2 10 9 7 8 5 7 11 11 5 4 5 4 10 8 11 10 8 2 9 10 8 8 10 2 6 11 11 4 4 5 2 9 8 11 1 11 5 5 4 4 4 9 5 4 11 11 5 2 9 8 10 10 7 8 8 11 5 10 10 2 6 8 7 7 7 7 10 10 8 2 3 10 8 10 10 2 8 9 5 11 11 4 5 5 1 9 11 4 5 4 5 7 10 8 11 4 11 4 5 8 11 2 11 11 5 5 3 10 8 10 10 7 8 8 10 10 2 8 9 10 8 7 8 10 10 2 8 9 5 11 4 4 4 4 4 4 5 10 10 2 6 8 10 10 7 8 8 11 2 4 11 5 11 4 5 4 4 3 10 10 8 7 8 10 8 10 10 7 8 0 6 8 10 7 7 10 2 8 9 5 11 11 5 4 4 5 10 7 8 11 11 5 2 9 11 5 5 10 8 7 11 11 5 4 4 4 5 11 11 5 2 9 8 10 10 2 6 8 10 10 7 8 5 7 7 7 7 10 8 11 5 7 11 11 2 5 11 11 5 5
ppo_x50_b_fd_l4,50,qv14_54,14,90,True,379.0,1.4746294021606445,8 8 10 9 8 8 10 10 8 8 11 5 11 11 5 2 7 7 10 6 10 8 8 11 2 9 5 10 7 10 8 8 10 10 8 8 1 9 5 4 11 5 4 4 4 11 5 11 11 4 5 2 9 8 10 8 10 10 7 7 7 7 7 7 7 7 7 8 5 4 4 10 8 11 2 9 11 5 4 5 10 8 11 11 5 4 5 11 11 5 2 4 11 5 3 10 10 7 8 8 10 10 7 8 7 7 8 10 2 6 7 11 11 5 2 11 4 5 9 8 11 1 9 5 5 11 5 11 2 4 4 9 5 10 10 8 8 7 7 7 10 7 7 7 8 11 2 9 11 4 5 4 4 4 4 4 4 4 4 5 11 2 10 10 8 6 8 11 5 10 10 7 7 7 8 8 11 5 10 10 8 7 7 8 11 2 11 9 5 5 10 8 7 10 7 8 4 11 2 11 4 9 5 4 5 7 10 8 11 11 4 4 5 8 11 5 4 4 4 11 5 10 10 2 8 9 5 10 7 10 2 8 9 5 10 10 0 6 8 8 7 10 10 8 8 10 10 8 8 11 2 11 5 4 4 11 9 5 5 4 4 11 4 5 11 11 2 5 3 10 10 2 6 8 7 10 8 11 5 10 8 7 7 7 11 10 7 8 7 7 8 11 2 11 9 5 5 10 7 8 11 5 11 11 5 5 11 1 4 4 4 3 5 10 2 10 10 8 8 10 7 8 6 10 7 8 7 11 11 5 2 9 5 10 7 8 11 11 4 4 4 5 5 10 8 11 11 5 4 4 4 5 4 11 11 5 2 9 8 10 10 2 8 10 10 8 8 7 9 7 8 10 10 8 8 10 10 2 8
ppo_x50_b_fd_l4,51,qv14_55,14,88,True,365.0,1.4426162242889404,8 8 10 10 8 8 10 9 8 8 10 2 10 10 8 8 10 9 8 8 7 7 11 2 11 11 5 5 9 5 4 11 4 11 2 5 10 8 9 10 8 8 10 10 8 8 7 7 7 7 11 2 11 3 11 5 2 9 5 11 5 4 4 4 11 11 4 5 4 2 9 5 10 10 8 8 10 8 7 11 11 5 2 6 11 4 4 5 11 2 10 10 6 8 8 10 2 7 7 6 7 7 7 10 7 8 11 11 5 5 11 11 5 5 11 2 3 4 11 11 5 2 9 5 10 7 8 7 7 10 8 7 7 10 10 7 2 8 9 5 11 4 4 11 2 3 5 10 8 11 11 4 4 5 5 10 8 11 11 4 5 5 10 2 11 11 5 5 9 8 4 10 10 8 7 8 7 7 7 11 5 10 10 8 0 6 7 7 8 10 2 6 11 11 4 5 4 5 10 8 11 11 5 5 11 11 4 4 5 2 4 10 10 8 8 11 5 10 9 8 8 10 8 0 10 9 8 8 7 7 11 2 11 11 3 4 4 4 5 8 11 11 4 5 5 11 11 5 2 9 8 10 10 7 8 5 10 8 10 10 2 6 7 8 10 2 7 9 8 10 10 8 7 8 1 9 8 11 11 5 4 4 4 5 11 5 4 11 5 4 4 11 5 10 10 2 8 9 5 10 10 7 8 8 11 5 10 2 7 7 9 10 8 8 10 7 7 8 10 2 6 11 11 4 2 3 5 11 4 5 7 11 11 2 5 4 4 3 4 11 5 4 10 10 2 8 9 8 10 10 7 8 8 11 5 10 10 8 7 7 8 10 10 2 8
ppo_x50_b_fd_l4,52,qv14_56,14,92,True,393.0,2.9449236392974854,8 8 10 10 8 8 10 9 8 8 10 2 9 10 7 7 8 8 10 10 8 8 11 5 7 10 2 7 6 11 11 2 5 4 11 9 5 5 11 11 5 5 10 2 10 8 4 11 11 5 3 4 5 11 4 5 10 10 8 2 10 7 6 8 10 10 7 8 8 11 5 7 10 10 8 2 9 8 4 4 11 5 11 4 4 11 2 5 11 4 5 3 10 10 8 8 7 7 10 10 8 8 7 7 11 10 8 8 7 7 11 11 2 3 4 4 4 5 4 11 11 2 5 9 8 11 11 5 4 4 5 10 2 9 10 8 8 10 7 7 7 7 8 7 7 10 7 8 11 11 5 2 11 11 3 5 4 5 10 8 11 2 11 11 5 5 9 5 4 4 11 11 5 2 9 8 4 10 10 8 7 8 11 5 10 7 10 2 6 8 7 10 10 8 2 9 8 10 7 10 2 8 9 5 7 11 11 5 5 4 11 5 11 5 4 4 4 11 1 9 5 5 11 2 3 10 10 7 8 8 10 10 8 7 8 11 2 3 11 4 5 10 10 8 8 10 10 2 6 7 8 10 10 2 8 9 8 4 1 4 4 9 5 4 11 4 1 3 4 5 10 10 8 7 7 7 7 8 10 10 8 8 10 2 11 9 5 5 10 2 7 7 6 11 11 2 5 4 3 11 5 4 11 5 7 10 10 8 8 11 2 10 9 8 8 4 11 5 4 11 11 4 5 5 10 0 8 6 7 7 7 7 10 7 8 11 2 6 11 11 5 5 11 1 9 5 4 5 11 4 1 4 11 5 4 3 5 10 7 7 8 10 8 7 10 10 7 8 2 9 8 7 11 11 5 5 11 11 4 4 5 5 11 11 4 5 5 11 2 10 10 8 8
ppo_x50_b_fd_l4,53,qv14_57,14,92,True,381.0,1.0006701946258545,8 8 10 10 8 8 9 10 8 8 11 5 10 7 10 8 8 10 10 8 8 11 5 4 11 5 7 10 10 8 7 7 7 10 8 8 10 2 11 9 5 5 10 8 11 11 4 5 5 4 11 4 5 4 11 5 10 8 11 11 4 2 3 5 11 11 5 2 9 8 10 10 2 6 8 10 8 10 10 7 0 7 7 8 8 11 3 5 10 10 8 8 11 2 10 10 8 8 9 5 7 11 11 5 4 5 4 4 11 5 10 7 10 8 8 11 2 4 4 3 10 11 4 5 8 4 4 11 11 2 5 3 10 8 10 10 7 8 7 7 8 0 7 10 9 8 8 4 4 4 4 4 11 2 11 4 4 3 5 7 7 7 10 10 8 8 10 10 8 8 11 5 10 10 7 8 7 8 7 1 11 11 5 5 9 5 10 8 11 11 5 5 10 8 11 11 4 2 3 5 4 10 8 10 8 10 8 4 4 11 11 5 5 11 11 5 5 10 2 9 11 5 5 10 7 8 11 11 5 5 10 8 10 10 2 6 8 7 7 10 10 7 8 8 7 7 7 11 11 5 5 11 5 7 1 9 8 11 11 5 5 11 5 7 7 10 8 4 11 11 4 5 5 10 8 4 4 11 5 4 4 4 10 10 8 2 10 8 7 9 8 7 10 0 9 8 7 8 7 7 10 8 1 9 5 10 8 11 11 4 5 5 11 2 3 4 4 11 11 4 5 5 10 8 0 10 7 8 9 11 5 5 0 9 8 10 10 7 8 8 10 8 11 11 5 5 10 7 0 7 6 8 11 11 5 5 11 11 5 5 11 11 4 4 4 5 5 11 4 5 11 2 10 10 6 8 8 10 10 2 8
ppo_x50_b_fd_l4,54,qv14_58,14,95,True,406.0,1.0962557792663574,8 8 10 9 8 8 10 10 8 8 11 5 10 7 10 8 8 10 10 8 8 11 5 11 10 7 7 8 8 4 10 11 2 5 4 11 9 5 4 5 4 4 11 11 5 5 10 2 9 8 4 10 10 7 7 7 8 8 11 5 10 10 8 8 7 10 2 10 10 7 6 8 8 11 5 10 10 2 8 9 5 11 11 5 4 4 4 5 1 11 9 5 8 11 4 11 5 2 9 8 4 4 11 11 5 2 7 10 8 10 7 9 8 8 7 10 8 11 5 10 7 7 8 10 10 8 7 8 11 2 11 11 3 4 4 5 5 10 2 9 8 11 11 5 4 4 1 5 11 4 5 3 10 8 10 10 8 8 10 10 7 8 5 7 10 2 9 8 7 7 10 8 7 11 11 2 5 11 4 4 11 5 5 6 11 5 4 1 11 4 3 4 5 0 9 8 7 7 7 10 0 9 8 8 7 10 8 7 1 11 9 5 4 4 5 10 2 9 10 8 8 11 1 3 4 5 11 2 4 4 4 3 10 10 8 8 10 7 2 9 11 5 5 10 8 7 7 10 8 7 10 10 2 8 10 10 8 6 8 11 5 4 4 11 4 11 2 5 9 5 11 11 5 4 5 11 2 9 4 5 10 10 7 8 8 11 5 10 7 10 7 8 7 2 7 9 10 8 8 10 2 10 10 8 8 3 4 4 4 1 9 5 11 11 5 5 11 4 11 2 5 3 7 10 8 0 6 7 10 10 2 8 9 5 4 11 11 5 5 11 2 9 11 4 5 5 7 11 11 5 5 0 9 8 10 10 2 6 7 8 7 7 10 0 6 7 10 8 8 10 8 11 11 5 2 10 8 6 11 11 5 5 11 11 5 5 4 11 10 8 8 11 11 2 3 4 4 5 11 11 2 5 11 11 5 5
ppo_x50_b_fd_l4,55,qv14_59,14,92,True,380.0,1.457458734512329,8 8 10 9 8 8 11 5 10 10 8 2 9 5 10 10 8 0 8 10 10 8 8 9 5 10 10 8 8 11 10 7 8 8 11 2 11 5 11 11 5 3 5 11 4 4 4 5 4 10 10 8 2 7 10 10 7 6 8 8 7 7 7 7 7 11 11 5 5 11 4 2 10 9 8 8 11 2 9 11 5 5 4 4 4 11 4 5 11 5 10 10 7 8 8 10 7 0 6 7 11 5 5 10 8 10 10 7 8 2 9 5 10 8 11 4 5 4 1 9 11 5 4 4 5 11 4 5 11 2 3 10 10 7 7 7 0 6 8 7 8 10 8 7 7 10 8 11 4 11 1 3 5 4 4 5 10 2 6 11 11 5 4 5 10 2 10 6 7 10 7 8 8 11 2 9 5 10 11 5 5 11 11 2 5 4 11 4 4 5 9 10 7 8 5 10 8 7 11 5 10 10 8 2 10 8 10 10 7 7 8 8 10 9 8 8 11 5 10 10 8 2 9 5 11 11 5 2 11 5 9 5 10 10 8 8 7 1 3 4 4 4 4 11 4 5 4 11 11 5 4 5 11 2 10 9 8 8 10 8 7 7 10 10 8 8 10 8 7 7 1 11 9 5 4 5 11 5 11 4 4 11 5 5 11 2 3 10 7 8 4 10 10 2 6 8 7 7 7 10 8 11 2 10 10 8 8 6 7 7 11 11 5 2 9 5 11 5 11 11 2 3 5 11 5 7 11 2 11 9 5 4 5 11 4 4 5 11 2 10 10 7 7 8 10 8 6 7 8 7 10 8 10 10 2 8 10 8 6 11 11 2 5 11 4 11 4 3 4 5 5 7 11 11 5 5 11 11 2 5
ppo_x50_b_fd_l4,56,qv14_6,14,89,True,377.0,1.4838240146636963,8 8 10 10 8 8 10 10 8 8 9 5 10 10 8 8 10 10 8 8 11 5 4 11 5 10 10 7 7 7 8 8 11 5 7 10 10 8 8 4 4 1 9 8 11 4 4 5 11 4 4 4 4 4 5 10 10 2 6 8 10 7 7 0 7 6 10 8 8 11 5 11 5 7 10 10 8 8 7 11 1 9 8 5 4 4 11 11 5 5 10 7 8 11 11 2 3 4 5 11 2 11 9 5 5 11 5 4 0 9 10 8 7 7 8 7 10 0 7 6 8 7 10 10 8 8 4 11 1 4 4 4 4 5 3 11 5 11 11 5 2 9 5 10 7 7 8 10 10 8 8 10 0 9 8 5 10 8 10 10 7 8 5 11 2 9 5 7 7 11 11 5 5 10 2 11 11 4 3 5 5 11 11 2 5 11 9 5 5 11 2 4 11 9 5 5 7 0 9 8 7 10 8 7 10 7 7 8 11 11 5 5 11 4 11 5 2 9 5 7 10 10 8 8 10 7 8 7 7 7 11 11 4 8 4 5 10 10 8 2 9 5 11 11 5 5 11 11 2 5 9 8 11 4 11 4 5 5 10 8 10 11 4 4 5 8 11 2 3 10 10 8 8 11 5 10 7 10 8 0 6 7 8 7 10 8 10 2 6 11 11 5 5 11 11 4 5 5 10 2 7 9 11 5 5 7 11 2 11 9 5 4 5 10 2 9 10 8 8 7 7 10 10 8 8 11 5 10 0 6 10 8 7 8 10 2 11 11 5 3 4 5 11 11 4 4 4 4 4 5 5 4 10 10 8 7 8 11 2 11 4 5 3 10 10 8 8 10 10 8 8 10 8 11 11 2 5
ppo_x50_b_fd_l4,57,qv14_60,14,92,True,385.0,1.4817836284637451,8 8 9 10 8 8 10 10 8 8 11 5 10 10 7 8 8 10 10 8 8 11 5 11 4 4 5 10 10 8 8 10 8 10 10 7 8 8 11 5 10 10 7 8 8 11 5 10 10 2 8 11 5 3 4 11 11 4 2 3 4 5 10 2 11 11 5 5 4 4 11 9 5 5 7 0 9 8 7 7 7 0 6 7 7 10 8 4 1 9 11 4 5 5 7 11 5 4 1 9 5 4 11 11 2 5 9 8 4 10 10 8 0 7 6 8 11 5 10 7 7 10 8 7 8 7 10 10 8 8 4 10 2 9 11 5 4 5 11 10 8 8 11 4 4 5 11 11 2 5 9 5 11 4 4 5 10 10 2 8 9 8 10 10 8 2 9 5 7 10 10 7 8 7 7 8 11 4 5 10 8 11 4 5 7 11 11 5 4 5 4 4 4 4 11 5 7 11 2 9 5 10 10 0 7 8 6 8 7 7 10 8 10 7 7 10 8 8 4 11 5 10 10 2 8 9 5 11 11 2 3 5 4 11 11 5 2 9 8 11 11 4 5 5 10 8 11 2 11 4 4 3 5 10 10 8 8 7 0 6 7 7 10 8 7 11 10 2 6 8 11 2 11 3 11 5 5 10 8 4 11 11 2 3 5 4 11 11 5 2 10 8 10 6 8 7 10 8 4 10 10 8 7 7 10 7 8 8 1 11 5 11 9 5 7 8 11 5 11 11 5 5 11 4 4 4 4 11 5 2 9 5 7 10 10 8 8 10 7 8 10 10 8 8 10 7 10 7 8 5 4 10 2 9 8 11 11 5 5 11 4 10 8 8 11 11 5 4 4 5 11 11 5 5 11 11 4 5 5 10 8 11 11 2 5
ppo_x50_b_fd_l4,58,qv14_61,14,88,True,374.0,1.0327448844909668,8 8 10 10 8 8 10 10 8 8 9 5 10 10 8 8 10 10 8 8 11 5 4 10 10 8 8 10 10 7 8 5 11 2 9 5 0 7 10 9 8 8 1 9 4 5 4 4 11 5 4 11 5 4 11 11 5 2 9 5 7 7 0 10 9 8 8 7 7 11 11 5 5 10 8 10 10 7 7 8 5 1 9 5 11 5 11 11 4 5 5 11 11 5 5 11 2 11 9 5 5 7 10 8 0 10 9 8 5 10 7 8 7 11 10 8 8 7 10 10 8 7 8 11 5 4 4 1 9 5 4 11 4 11 4 4 5 7 8 11 5 11 11 5 2 9 5 10 7 8 10 8 7 7 10 10 8 8 10 10 8 2 9 7 7 8 4 4 4 4 4 11 4 5 10 10 8 2 9 8 11 4 5 11 11 2 5 9 5 0 6 10 8 7 10 10 8 7 7 8 7 10 8 11 11 5 2 11 11 3 5 5 4 4 10 2 11 9 5 4 5 11 2 11 4 9 5 5 0 9 8 10 7 8 10 10 2 8 10 8 9 10 8 7 8 10 0 10 8 6 8 11 5 4 4 11 11 5 4 5 4 11 4 11 2 3 5 10 8 7 7 7 7 10 8 10 10 2 6 8 11 4 4 5 11 11 5 5 11 11 5 5 11 2 9 11 5 5 7 10 8 10 7 7 7 8 10 10 8 2 6 11 5 7 7 7 7 11 11 5 5 1 9 5 4 4 11 11 2 3 4 5 10 2 9 7 8 11 11 4 5 5 7 11 2 11 11 5 5 10 9 5 5 10 10 7 7 8 7 7 7 7 8 7 11 11 5 2 9 5 11 11 2 5
ppo_x50_b_fd_l4,59,qv14_62,14,92,True,388.0,1.0127441883087158,8 8 10 10 8 8 9 10 8 8 11 5 10 10 7 8 8 10 2 9 11 5 5 10 8 10 10 8 8 10 10 8 8 11 5 7 7 7 11 11 1 5 5 11 5 4 11 4 4 5 3 10 7 7 7 7 7 7 10 2 8 9 5 7 11 11 5 5 10 2 11 11 4 5 5 9 5 11 4 1 9 5 5 4 4 11 11 2 5 9 8 10 10 7 7 8 8 11 5 10 7 0 9 8 8 7 7 7 10 8 10 10 8 2 4 9 5 11 11 5 5 11 2 11 9 5 4 5 7 11 11 5 5 11 5 7 7 10 11 4 5 4 4 4 5 0 10 9 7 8 8 11 5 10 8 7 10 10 8 7 8 7 10 10 8 2 7 6 11 4 4 5 11 11 2 3 5 11 5 11 11 2 5 7 7 9 8 7 7 10 8 10 10 8 2 6 4 4 11 5 11 4 4 11 2 5 9 8 4 11 11 5 5 7 11 2 11 5 4 3 10 10 2 8 7 9 7 7 8 10 8 7 10 7 7 7 8 11 11 4 2 5 9 5 4 10 8 7 11 11 4 4 5 5 10 8 10 7 8 11 11 4 4 5 5 7 11 5 11 11 5 2 9 5 10 7 7 10 7 8 2 9 5 0 9 8 10 10 2 8 9 5 7 7 7 11 11 1 3 5 5 4 11 11 2 3 5 10 7 8 11 11 4 5 5 11 11 4 2 3 5 11 11 2 5 10 6 7 8 10 8 10 10 7 8 2 9 5 7 7 7 11 11 5 5 11 1 3 4 5 11 11 2 5 11 11 5 5 9 7 7 7 7 7 8 11 5 10 10 8 8 10 10 7 7 8 2 11 5 3 10 10 8 8 10 10 2 8
ppo_x50_b_fd_l4,60,qv14_63,14,92,True,386.0,1.0051672458648682,8 8 10 10 8 8 10 9 8 8 10 2 10 10 8 8 10 9 8 8 11 2 3 11 5 10 10 7 7 8 8 11 5 10 10 8 2 10 9 8 8 11 4 5 11 4 4 5 11 4 4 11 4 5 8 1 9 4 5 7 7 10 7 10 8 7 7 7 7 7 8 10 10 2 8 9 5 4 4 11 11 5 5 1 9 8 11 5 11 11 4 5 8 7 11 1 3 5 4 4 4 11 2 10 10 7 8 8 10 7 7 6 7 8 10 10 2 8 9 5 7 10 10 8 8 4 11 4 5 10 11 5 5 11 5 11 11 5 5 1 9 5 7 10 7 7 7 8 0 6 4 11 5 4 11 5 11 11 5 5 10 2 9 11 5 5 11 5 11 11 2 5 10 7 8 10 9 8 7 7 7 8 11 5 10 2 7 10 10 7 7 8 8 11 5 9 10 8 8 11 5 4 4 4 11 4 4 4 11 5 2 3 7 10 8 7 10 10 8 8 10 2 7 7 10 9 8 8 4 4 4 4 4 4 4 11 5 11 11 5 4 5 10 0 9 8 7 7 8 4 10 2 10 9 8 8 7 7 7 11 11 5 5 10 8 10 10 8 7 7 8 11 11 2 5 11 4 4 3 11 5 4 5 4 11 2 11 11 5 3 5 7 7 11 2 9 10 7 7 8 8 11 4 5 10 8 10 10 2 6 8 11 5 10 10 7 2 7 8 11 5 9 5 10 10 7 8 7 8 11 2 11 9 5 5 10 7 8 11 5 7 11 11 2 5 11 11 5 4 4 3 4 4 4 4 4 5 11 2 10 10 7 6 8 8 10 2 7 10 8 6 7 11 11 5 5 11 11 5 5 10 2 11 11 5 5
ppo_x50_b_fd_l4,61,qv14_64,14,93,True,387.0,1.0075628757476807,8 8 10 9 8 8 10 10 8 8 11 5 10 7 10 8 8 10 10 8 8 11 5 4 11 5 10 7 10 8 8 10 10 8 8 10 10 8 8 11 5 11 4 5 7 7 7 11 11 2 5 9 5 11 11 5 5 1 3 4 4 11 5 10 8 10 2 9 10 8 4 5 4 4 11 2 4 3 10 10 2 8 7 9 8 10 10 8 2 6 7 7 7 10 7 8 1 9 11 5 5 10 8 11 11 2 5 11 11 3 5 5 11 5 11 11 5 2 10 8 11 9 5 5 7 10 0 7 6 8 7 7 7 7 7 11 11 5 2 9 5 11 5 11 1 3 5 4 4 4 11 11 2 3 5 11 11 2 5 9 8 10 10 2 6 8 10 10 0 7 6 7 8 8 11 4 5 10 7 7 8 10 7 8 11 11 2 5 11 4 11 5 5 9 8 10 8 1 4 9 11 5 5 11 5 11 2 11 11 5 5 3 7 7 7 10 7 8 4 10 10 8 8 10 10 8 8 7 11 2 11 9 5 4 5 11 5 11 11 2 4 3 5 7 10 8 7 10 8 11 5 10 7 10 8 7 7 8 7 11 11 5 5 10 2 7 10 8 11 9 5 5 11 1 9 5 5 4 4 11 11 2 3 5 4 11 2 11 11 5 3 5 7 7 7 10 10 2 8 11 5 10 9 8 8 7 10 10 8 7 8 10 2 11 11 3 2 3 5 11 11 2 5 9 11 5 4 5 10 8 10 8 4 11 4 4 4 11 2 5 9 8 10 10 7 8 8 11 5 10 10 8 7 0 6 8 10 10 8 8 10 10 7 8 8 11 5 10 10 2 8 9 5 11 11 5 5 11 11 5 4 4 5 11 11 2 5
ppo_x50_b_fd_l4,62,qv14_65,14,93,True,384.0,1.493178367614746,8 8 10 10 8 8 9 10 8 8 11 5 10 7 10 8 8 10 10 8 8 11 5 4 11 5 7 10 10 8 8 10 10 8 8 10 10 8 8 11 5 1 9 11 5 4 4 4 4 4 5 7 10 0 7 6 8 10 10 8 8 11 5 11 11 5 2 11 11 4 4 5 5 9 11 5 5 4 10 2 10 9 8 7 8 11 5 10 2 10 9 8 8 10 7 7 7 8 7 10 2 10 9 8 8 4 1 9 4 5 11 5 4 11 11 5 5 11 5 11 11 4 2 3 5 11 2 9 10 8 8 7 7 10 8 11 11 5 2 10 8 9 10 8 8 10 10 8 7 7 7 8 10 11 2 5 3 11 11 4 5 8 4 11 2 4 4 11 4 5 9 10 8 8 11 5 10 10 8 8 11 5 10 10 7 8 2 6 11 5 4 4 4 4 4 10 10 8 2 9 8 7 7 10 8 7 7 10 8 11 5 7 7 7 7 11 11 5 2 9 5 11 4 4 11 5 2 9 8 11 11 4 5 8 11 5 11 11 5 2 3 11 5 7 7 10 8 10 10 8 7 7 8 11 11 5 2 9 8 4 10 10 8 7 10 8 8 1 9 5 11 5 4 4 4 10 11 5 5 4 4 4 10 10 8 2 9 8 10 7 7 8 7 10 10 7 8 8 11 5 7 0 7 6 11 11 5 5 11 5 11 4 4 5 4 11 4 4 5 10 10 2 6 8 10 2 7 9 11 5 5 4 11 2 11 5 4 10 10 8 7 8 9 5 10 10 7 8 7 8 11 2 3 10 10 7 2 6 7 8 10 2 11 9 8 8 7 11 11 4 5 5 10 8 11 11 5 5 11 11 2 4 4 5
ppo_x50_b_fd_l4,63,qv14_66,14,90,True,385.0,2.500286102294922,8 8 10 10 8 8 10 10 8 8 9 5 10 10 8 8 11 2 10 10 6 8 8 11 2 9 10 7 8 8 11 5 10 2 7 10 9 8 8 4 1 9 5 11 4 11 5 4 4 5 4 10 10 8 8 4 11 5 11 4 11 2 5 3 7 10 10 8 2 3 7 10 7 7 8 7 10 2 6 10 11 4 4 5 5 4 0 10 9 8 7 7 7 8 11 2 4 11 9 5 4 4 4 4 5 11 2 3 4 10 10 7 7 8 8 10 2 10 9 8 5 7 10 8 10 10 8 8 10 10 2 8 6 11 5 11 4 4 5 11 11 4 5 5 4 11 2 9 4 10 8 8 11 5 10 10 8 8 10 10 8 2 11 5 3 7 7 10 7 10 2 8 9 5 7 7 7 11 11 5 1 3 5 4 4 4 4 4 11 2 11 11 5 3 5 10 8 7 11 11 5 5 10 8 10 10 7 8 2 10 9 8 8 11 5 10 7 10 2 8 9 5 11 4 4 4 5 0 9 10 8 8 7 10 7 10 8 8 11 4 5 10 10 8 8 11 5 7 10 10 2 6 8 11 4 5 11 11 4 4 4 5 2 4 9 5 11 5 4 10 10 8 2 9 8 4 11 5 10 10 8 7 8 4 11 5 10 10 7 2 6 8 10 7 8 11 11 2 5 9 8 10 10 7 2 6 7 8 7 11 1 11 5 3 5 10 8 11 10 8 8 7 7 11 11 1 5 4 4 3 4 4 5 11 4 11 5 2 3 4 10 10 8 8 0 9 10 8 8 7 7 10 8 10 10 8 2 9 8 11 4 11 4 2 5 11 11 5 3 5 11 11 5 2 11 5 3 10 10 8 8 10 10 2 8
ppo_x50_b_fd_l4,64,qv14_67,14,89,True,358.0,1.4451861381530762,8 8 10 9 8 8 11 5 10 10 8 2 10 10 8 8 9 10 8 8 11 5 11 5 10 10 7 7 8 8 11 5 11 5 10 10 7 7 8 8 11 5 7 11 11 2 5 9 8 4 11 5 11 11 5 5 11 11 4 4 5 2 9 11 5 7 8 11 5 7 7 7 7 11 5 10 10 8 8 11 5 7 7 7 7 7 7 7 11 11 5 5 11 5 7 10 2 9 11 4 5 5 10 8 11 11 5 5 4 1 4 4 11 5 9 11 5 5 7 10 7 7 7 7 7 8 7 7 10 8 7 11 11 2 5 11 11 4 5 5 11 9 5 5 10 8 11 11 5 5 11 11 2 5 9 8 4 4 0 10 10 8 8 9 8 10 10 8 2 9 5 7 7 10 10 8 2 6 4 11 5 11 11 5 5 11 5 7 1 9 11 5 5 10 8 11 11 4 4 5 5 0 9 8 11 5 10 10 8 8 10 7 8 4 1 9 11 5 4 5 10 2 6 7 10 10 8 7 8 10 2 6 7 10 10 7 8 7 8 11 11 5 5 10 2 9 8 11 4 4 5 11 11 5 5 4 11 2 10 6 10 8 7 7 7 8 10 2 9 8 7 11 11 5 5 4 10 8 11 11 5 4 4 4 1 3 5 11 11 2 5 9 8 11 11 5 5 7 7 7 10 8 4 11 2 3 11 10 7 7 8 8 11 2 10 9 8 8 11 5 7 7 10 10 7 8 8 7 10 2 11 11 4 5 5 9 8 11 11 4 4 5 4 5 7 11 11 5 5 11 11 2 3 5 11 11 2 5
ppo_x50_b_fd_l4,65,qv14_68,14,90,True,382.0,1.4769823551177979,8 8 10 9 8 8 10 0 10 8 8 9 5 10 10 8 8 10 0 9 8 8 10 2 11 9 5 5 11 4 5 0 6 10 7 10 7 8 8 10 2 9 10 8 8 11 4 5 11 5 11 11 4 5 2 4 11 9 4 5 8 4 11 2 11 9 5 5 0 7 7 6 7 7 7 11 10 8 7 7 8 10 10 7 8 2 9 5 4 11 4 4 5 11 11 5 2 3 11 4 5 10 8 4 4 4 4 10 10 2 6 8 10 10 8 7 8 0 9 5 10 8 10 10 7 8 8 10 10 8 8 10 2 11 9 5 5 11 5 4 4 4 4 4 11 11 2 3 5 10 10 7 7 8 5 10 8 10 7 8 7 11 10 7 8 2 6 11 5 11 11 2 4 5 11 9 5 8 7 11 5 11 11 4 5 5 4 10 2 11 11 5 3 5 11 11 2 5 9 8 10 10 8 8 10 10 7 8 8 4 11 2 9 10 8 8 10 8 0 7 10 7 8 6 7 11 11 5 5 4 4 4 4 10 8 11 11 5 4 5 7 11 2 9 11 5 4 5 4 10 2 10 10 8 8 7 6 7 10 10 7 8 8 11 2 4 9 10 8 8 11 5 4 11 4 4 10 8 8 10 2 10 8 10 10 7 6 8 5 10 8 10 10 2 8 9 5 11 11 4 5 8 4 4 4 4 10 8 11 5 11 11 4 5 4 4 5 7 10 2 9 10 8 8 10 8 7 10 10 8 8 10 8 11 11 2 5 9 5 11 11 5 2 3 4 4 11 11 4 5 8 11 2 6 10 10 7 7 8 8 7 7 10 8 7 10 10 8 7 8 11 11 5 2 4 4 9 5 11 11 2 5
ppo_x50_b_fd_l4,66,qv14_69,14,85,True,355.0,1.3920540809631348,8 8 10 10 8 8 10 10 8 8 9 5 10 10 8 8 10 2 9 10 8 8 10 10 8 8 11 5 10 10 7 8 8 1 9 5 11 4 4 11 2 3 4 5 4 4 4 4 4 10 10 8 2 9 10 8 8 11 5 10 7 8 7 7 0 7 7 6 10 10 8 8 11 5 11 4 11 4 5 5 10 8 10 8 4 11 11 4 5 4 5 10 2 10 9 8 8 11 5 11 4 11 4 5 8 7 11 2 10 9 8 7 7 8 10 7 10 7 7 8 7 8 11 4 5 11 1 5 9 10 8 8 10 7 2 7 11 11 5 5 11 5 11 4 4 3 11 5 5 11 11 4 5 5 4 10 10 8 8 11 2 10 10 8 6 7 7 8 7 11 5 10 7 8 7 11 11 5 5 11 1 11 3 5 5 11 11 5 2 11 11 5 5 9 8 4 10 10 2 6 7 8 7 10 10 8 2 9 10 8 8 11 5 11 5 7 10 10 8 8 10 10 8 8 1 9 5 11 11 2 5 9 5 11 11 2 5 11 11 4 4 5 5 10 8 7 7 7 6 10 7 7 8 10 2 10 9 8 8 4 1 4 3 4 11 5 11 5 4 10 10 8 8 11 5 4 11 11 5 5 4 11 2 4 10 9 8 8 11 5 10 10 7 8 5 7 7 7 7 10 8 10 2 7 7 10 8 6 11 11 5 2 11 11 5 5 11 9 5 5 11 2 9 11 5 5 0 9 8 10 10 8 8 10 8 7 11 11 2 5 11 11 5 4 4 3 5 11 11 5 5 11 11 2 5
ppo_x50_b_fd_l4,67,qv14_7,14,88,True,359.0,1.4417612552642822,8 8 10 9 8 8 10 10 8 8 11 5 10 10 0 6 8 8 7 7 11 10 7 8 8 10 10 8 8 11 5 1 4 4 11 4 9 5 5 11 5 4 10 8 11 11 5 2 4 11 11 5 5 9 8 10 10 7 7 7 7 8 8 11 4 4 5 10 2 10 7 7 9 8 8 10 10 8 8 10 10 8 8 1 4 11 5 3 4 4 4 10 8 11 11 2 5 11 4 9 5 5 10 2 4 10 9 8 8 11 5 10 10 7 8 8 11 2 4 11 4 5 3 4 10 10 8 7 7 7 7 8 10 10 8 8 10 2 9 10 8 8 4 11 5 10 2 9 11 5 5 4 10 0 10 7 7 8 6 8 4 11 5 10 7 8 11 11 2 5 9 4 5 7 10 11 4 5 5 10 8 11 11 4 4 5 5 10 8 11 11 5 5 11 11 2 5 10 8 9 11 5 5 11 2 3 10 10 7 7 8 8 11 5 7 10 10 8 8 10 7 10 7 7 8 4 2 11 3 5 10 10 8 2 11 5 11 4 9 5 5 10 8 11 11 2 3 4 5 11 11 5 5 10 2 11 9 8 7 8 7 10 7 10 8 2 9 5 7 7 10 10 8 8 4 4 1 9 5 11 5 11 5 4 4 4 4 4 4 10 10 2 8 9 10 8 8 11 5 10 10 8 7 8 7 10 8 7 11 1 9 5 8 11 4 4 5 4 11 11 5 5 11 11 2 5 9 8 10 10 8 7 7 10 8 8 11 5 10 10 7 8 8 10 8 10 2 7 11 11 5 3 5 10 2 11 11 5 5
ppo_x50_b_fd_l4,68,qv14_70,14,96,True,407.0,1.0573198795318604,8 8 9 10 8 8 10 10 8 8 11 5 10 7 10 8 8 11 4 5 10 8 10 10 8 2 10 10 8 8 9 10 8 8 11 10 7 8 8 10 2 9 11 5 5 11 2 11 9 5 5 4 4 11 10 8 8 11 4 4 11 2 5 6 11 11 5 5 11 2 11 9 5 5 7 0 6 7 7 7 7 10 7 8 7 10 8 7 10 2 9 11 4 5 5 10 8 11 11 4 5 5 1 9 11 4 5 8 11 5 1 9 5 4 4 11 11 2 5 9 8 10 10 7 8 0 6 8 10 10 8 7 7 8 11 5 4 11 5 7 7 7 10 10 8 2 10 9 8 8 1 9 5 4 11 5 11 11 5 5 11 11 5 5 4 11 11 5 2 3 10 8 10 10 8 2 10 10 8 6 8 7 7 7 10 10 7 8 2 11 5 7 9 11 5 5 11 11 5 5 7 11 4 5 4 11 11 4 5 2 11 5 3 4 4 10 10 8 8 7 10 8 10 8 10 7 7 7 10 8 8 11 2 4 9 11 5 5 11 5 10 2 11 11 5 3 5 4 4 11 4 5 10 10 8 2 9 5 10 10 8 8 0 6 7 10 7 7 8 7 7 7 11 11 5 2 9 5 11 4 11 2 5 11 4 5 11 5 4 11 5 4 3 10 10 7 7 8 8 10 10 7 8 8 10 2 9 10 8 8 11 1 3 4 5 4 11 2 3 4 4 11 5 10 10 2 8 11 3 5 4 10 10 7 7 0 6 8 8 10 8 10 10 8 7 7 8 7 11 11 5 5 10 8 10 10 2 8 9 5 11 11 4 5 5 11 2 9 5 10 10 8 8 4 4 1 9 5 11 11 5 4 4 5 11 2 10 10 6 8 8 7 7 10 8 4 10 10 8 7 7 7 8 11 11 2 5
ppo_x50_b_fd_l4,69,qv14_71,14,95,True,399.0,1.0919806957244873,8 8 10 10 8 8 10 10 8 8 9 5 10 10 8 8 10 10 8 8 11 5 10 10 7 8 8 1 11 5 11 3 5 4 11 4 11 5 2 9 8 4 4 4 10 10 8 7 0 6 8 7 10 10 8 7 8 10 7 10 7 8 5 4 10 2 9 8 11 11 5 5 11 5 4 4 10 11 5 5 4 10 0 9 8 8 10 2 6 10 10 8 8 4 4 4 1 9 8 11 11 5 4 4 5 11 2 9 4 5 10 7 0 6 7 8 7 7 7 7 10 8 7 7 11 11 5 2 11 9 5 4 5 4 4 11 4 5 7 10 2 9 8 10 10 8 8 1 11 4 4 3 11 5 5 10 8 10 8 4 11 11 5 4 5 10 1 9 8 8 7 7 7 7 10 7 7 0 10 8 8 9 5 10 8 4 11 11 4 5 5 10 8 10 8 4 11 11 4 2 5 9 8 11 4 4 5 11 11 2 4 5 9 8 10 8 10 10 7 8 8 10 8 0 7 9 8 10 10 8 8 11 2 9 5 11 11 4 4 5 5 10 8 11 11 5 5 10 8 4 11 11 5 2 4 3 10 10 8 7 8 7 7 0 9 8 10 2 7 7 7 6 7 11 11 5 2 9 5 4 11 5 4 11 11 5 2 11 5 4 4 3 11 5 10 10 8 8 11 5 10 10 7 8 8 7 0 9 5 10 8 7 7 10 10 8 2 10 8 9 4 5 4 11 11 5 5 11 5 11 11 5 5 0 10 8 7 7 9 8 7 10 10 7 8 8 11 5 10 2 6 11 11 2 3 4 4 4 4 4 4 4 4 5 11 2 3 10 10 7 8 8 7 10 10 2 7 8 9 5 11 5 4 11 11 5 2 9 5 10 10 7 7 8 8 10 10 2 8
ppo_x50_b_fd_l4,70,qv14_72,14,94,True,398.0,1.0834014415740967,8 8 9 10 8 8 10 10 8 8 11 5 11 11 5 5 10 8 10 10 7 7 8 8 1 9 5 10 10 7 8 8 10 10 8 8 11 5 1 9 11 5 5 11 4 5 4 11 4 5 0 10 6 7 7 10 8 7 8 10 2 7 7 7 7 11 11 5 5 9 5 11 11 5 2 9 8 1 9 5 4 4 4 4 4 11 11 5 5 7 10 2 10 8 10 7 10 7 7 6 8 7 8 1 11 9 5 5 10 8 11 4 4 4 5 11 4 11 4 5 2 9 8 10 8 10 10 8 8 11 5 10 7 10 7 7 8 5 10 2 10 9 8 7 7 8 11 2 9 11 5 5 11 2 4 3 4 11 5 4 4 4 4 4 10 10 8 2 6 10 7 7 8 7 10 10 7 8 2 9 8 4 4 11 4 11 2 3 4 5 11 2 3 10 10 8 8 7 10 10 8 8 11 5 7 7 10 10 8 7 8 10 2 11 11 5 5 9 4 4 5 11 4 5 11 11 2 5 9 5 11 11 2 3 5 10 8 4 4 10 10 8 2 9 8 10 10 2 6 8 7 7 7 7 10 10 2 8 6 11 5 4 11 11 5 2 11 9 4 5 8 11 5 11 5 4 11 11 5 2 3 10 8 7 10 10 7 7 8 7 7 7 7 7 8 11 2 6 11 11 5 5 11 5 7 7 11 11 5 4 5 11 4 4 11 5 2 7 10 9 8 8 10 2 9 8 7 7 10 10 2 8 6 4 11 5 11 11 2 3 4 5 4 4 4 10 2 9 11 5 5 11 2 4 3 10 10 8 2 7 10 7 6 8 11 5 7 10 10 7 8 5 10 7 2 7 10 8 6 11 11 2 5 11 11 4 4 5 4 4 3 5 10 2 11 11 5 5
ppo_x50_b_fd_l4,71,qv14_73,14,95,True,393.0,1.0372672080993652,8 8 9 10 8 8 10 10 8 8 11 5 7 10 10 7 8 5 10 10 8 8 11 5 10 10 8 2 11 4 3 4 5 11 11 5 2 9 8 4 11 11 5 5 7 7 0 9 10 8 7 8 11 4 5 10 8 10 10 7 7 7 8 8 10 10 8 8 1 9 5 11 11 2 5 9 5 7 11 11 5 5 11 11 2 5 9 8 10 10 8 2 6 11 5 7 11 11 5 4 5 4 11 11 5 5 11 5 11 11 2 5 9 8 10 10 7 8 7 7 0 6 8 11 5 10 7 7 7 7 10 8 8 4 11 2 4 11 4 5 10 9 8 8 11 5 4 4 4 11 4 4 4 5 10 10 7 8 8 11 2 10 10 8 8 10 6 10 7 7 7 8 8 11 4 5 10 8 10 10 8 2 9 8 4 11 11 2 4 3 5 7 11 11 5 5 11 11 5 4 1 3 4 5 11 11 5 2 7 9 8 10 10 8 8 10 8 7 7 7 10 10 8 8 10 2 9 10 8 8 4 11 5 4 11 11 5 4 5 7 10 8 11 11 2 5 11 11 5 3 5 4 4 11 5 10 10 2 8 11 5 3 10 10 8 7 8 10 8 7 7 7 11 10 2 6 8 10 2 6 10 10 8 2 9 8 4 4 4 11 5 11 11 2 3 5 4 4 11 5 11 5 11 11 2 5 9 8 10 10 7 8 8 10 2 10 10 8 8 10 8 9 10 8 7 7 7 8 1 9 8 11 11 4 5 5 10 8 11 4 4 4 11 5 2 4 9 11 5 5 11 4 5 11 2 6 10 10 8 8 10 10 7 8 8 11 5 10 10 7 8 7 8 11 5 11 2 3 10 10 7 8 8 11 5 10 10 8 8 10 10 2 8
ppo_x50_b_fd_l4,72,qv14_74,14,93,True,383.0,1.0020027160644531,8 8 10 9 8 8 11 5 10 10 8 2 11 5 10 10 7 8 8 9 10 8 8 11 5 10 7 10 7 8 5 11 2 9 5 10 10 7 7 8 5 10 10 8 8 11 5 11 1 11 5 5 3 4 4 11 5 4 0 10 6 7 8 7 0 7 9 10 8 8 10 10 2 8 3 11 4 5 11 11 5 5 10 2 9 8 11 11 5 4 4 4 4 4 5 11 2 3 10 10 7 8 8 10 10 7 8 2 9 8 11 11 5 2 10 8 7 9 8 7 7 11 11 5 4 5 4 4 4 4 10 2 10 10 8 8 10 7 7 8 10 7 8 7 6 11 11 5 2 4 4 9 5 11 11 2 5 9 8 7 11 11 5 5 4 10 11 5 5 11 11 2 4 5 7 6 7 7 7 11 5 10 10 8 7 8 7 7 7 11 2 9 10 8 8 10 2 11 9 5 5 11 2 9 10 8 8 10 2 11 11 5 5 11 11 4 5 5 4 4 11 5 11 3 4 11 5 5 7 7 11 2 11 5 9 5 10 10 0 8 6 7 8 11 4 5 11 5 10 10 7 7 7 7 8 2 11 5 4 11 5 4 11 3 4 5 10 7 10 8 8 11 5 10 10 7 8 8 0 9 10 8 8 10 2 9 11 5 5 4 11 5 11 5 7 11 11 2 5 11 11 4 5 5 9 8 10 8 10 10 7 7 7 8 8 11 2 9 4 5 10 10 7 8 7 8 7 10 2 7 9 11 5 5 11 2 11 3 11 5 2 9 5 11 4 5 4 4 4 4 10 10 8 2 7 7 10 9 8 7 8 7 7 10 7 7 8 10 2 11 11 5 5 11 11 5 5 9 4 11 4 5 5
ppo_x50_b_fd_l4,73,qv14_75,14,91,True,377.0,1.0041756629943848,8 8 9 10 8 8 10 10 8 8 11 5 10 10 7 8 8 10 10 8 8 10 10 8 8 11 5 7 10 10 7 8 5 10 2 3 4 11 5 11 11 4 5 4 5 10 10 8 2 9 5 11 11 2 5 9 8 4 10 10 0 8 6 8 10 10 2 8 9 5 7 7 7 11 11 5 5 1 3 4 11 5 11 4 11 4 4 4 5 5 0 9 8 10 10 2 8 9 5 7 10 7 10 8 8 7 7 10 8 10 8 11 11 4 4 4 5 2 9 5 10 8 4 11 11 2 5 11 11 4 4 5 5 10 7 8 9 8 10 7 8 4 4 11 11 5 5 7 7 10 2 3 10 8 10 10 2 8 9 8 10 10 8 8 11 2 9 10 8 8 11 2 9 11 5 4 4 5 7 7 7 11 2 10 10 7 8 8 6 11 5 7 7 11 11 5 5 4 4 4 4 11 4 4 5 10 7 8 10 8 11 11 4 5 2 9 8 11 1 9 5 5 4 0 9 10 7 8 2 7 9 7 8 7 7 7 10 7 10 8 2 6 11 5 11 11 2 5 9 5 11 11 4 4 5 4 4 5 10 0 6 7 8 10 8 10 2 3 11 11 5 5 11 2 11 11 4 5 5 10 8 11 9 5 5 10 8 7 10 10 2 8 10 7 9 8 8 7 7 10 8 7 10 2 6 11 11 4 5 5 11 11 4 2 3 5 10 8 10 8 7 11 11 2 3 4 5 4 4 10 2 11 3 11 4 5 5 10 8 11 11 2 5 9 8 10 10 8 8 10 10 7 8 7 8 4 10 0 9 8 7 7 8 10 2 11 11 5 5 11 11 5 5 11 11 5 5
ppo_x50_b_fd_l4,74,qv14_76,14,90,True,384.0,1.496558427810669,8 8 10 10 8 8 9 10 7 8 5 10 7 7 7 7 7 7 11 5 5 10 8 10 10 8 8 4 10 11 5 2 11 5 11 11 4 5 5 11 9 5 5 10 7 8 7 7 10 8 4 1 11 3 5 11 11 5 5 11 11 5 5 11 4 5 10 7 10 8 8 11 5 10 1 9 8 8 11 5 4 4 10 10 7 8 7 8 11 4 5 7 10 7 7 7 7 10 8 7 8 11 5 0 10 9 8 8 4 10 8 11 11 5 4 4 5 11 5 4 11 11 5 2 9 5 4 10 10 8 8 10 10 2 8 9 10 8 8 11 5 4 11 11 5 5 11 11 5 4 5 10 10 8 2 11 5 9 10 8 8 7 7 7 10 7 7 10 8 7 8 7 11 2 11 11 5 5 4 9 5 11 11 2 5 6 11 4 5 11 4 11 5 2 3 10 8 4 4 10 10 8 7 8 10 10 2 8 7 9 10 8 8 10 7 8 11 10 7 8 2 9 5 7 11 11 5 4 5 11 11 5 4 4 4 5 4 4 11 5 10 10 8 2 10 10 7 8 7 8 9 5 10 10 8 2 9 8 10 10 2 8 9 5 7 11 11 5 4 5 10 8 11 11 5 4 4 5 11 11 2 3 5 10 8 10 10 7 8 8 10 2 7 6 10 7 8 10 10 2 6 8 4 11 5 11 11 5 5 4 1 3 4 11 5 11 4 11 4 5 2 9 8 7 10 7 7 10 7 8 8 10 10 2 8 6 4 11 4 5 4 0 10 10 8 8 9 5 10 10 8 7 7 7 8 10 2 11 11 5 3 5 11 11 5 2 9 4 4 5 11 11 5 5 11 11 5 5 10 2 11 11 5 5
ppo_x50_b_fd_l4,75,qv14_77,14,88,True,378.0,1.4765291213989258,8 8 10 10 8 8 10 9 8 8 10 2 10 9 8 8 10 10 8 8 11 5 10 10 7 8 8 1 11 4 3 4 5 1 9 11 4 5 5 10 2 9 8 11 11 5 5 7 0 6 7 7 10 8 10 2 7 7 7 7 6 11 11 5 2 4 11 9 5 5 4 11 4 4 11 5 2 3 10 8 10 10 2 8 9 5 7 7 0 7 7 6 10 8 4 10 10 8 8 11 5 4 11 11 5 4 4 4 4 4 4 4 5 7 10 7 2 7 9 10 8 8 10 8 11 1 9 5 5 11 11 4 5 5 10 8 10 8 4 11 11 4 5 8 1 9 8 10 7 8 10 10 8 8 10 10 8 7 8 10 2 9 11 5 5 11 4 5 10 10 2 8 9 5 10 10 7 8 7 7 8 10 2 6 11 11 2 3 4 4 5 4 4 4 11 5 10 11 2 3 5 11 2 4 3 10 10 2 8 10 7 7 8 7 9 8 10 10 2 8 7 6 11 11 2 3 4 4 5 11 5 4 11 11 5 2 9 5 7 10 10 8 7 7 8 7 10 10 2 8 10 10 8 6 8 4 11 11 5 4 4 11 4 5 5 11 2 10 9 8 8 11 4 4 5 11 11 5 5 7 7 10 2 9 10 8 8 7 7 10 2 7 9 11 5 5 11 2 11 9 5 5 11 5 4 0 6 7 7 10 8 10 10 7 7 8 2 9 5 10 10 8 8 11 5 11 5 4 4 11 5 4 11 11 4 2 5 3 11 4 5 11 2 10 6 10 7 8 5 10 8 4 10 10 8 7 7 10 8 8 11 2 3 10 10 8 8 10 10 8 7 8 10 2 11 11 5 5
ppo_x50_b_fd_l4,76,qv14_78,14,85,True,357.0,1.395958423614502,8 8 10 9 8 8 10 0 10 8 8 9 5 10 10 8 8 10 10 8 8 11 5 4 11 5 7 10 10 8 8 10 10 8 8 10 10 7 8 5 11 2 4 3 11 4 11 5 4 4 4 11 4 5 5 7 7 10 8 11 4 4 11 4 5 2 9 8 10 8 10 10 7 2 8 10 7 8 7 7 7 7 9 10 8 8 11 5 10 10 2 8 9 5 11 11 4 5 5 1 11 11 5 3 5 10 8 11 11 2 3 4 4 4 4 5 10 2 6 7 10 10 8 8 11 2 10 10 8 7 6 8 7 10 8 1 9 11 5 5 10 8 11 1 3 4 4 11 4 5 8 11 2 11 4 9 4 5 8 0 9 8 10 7 7 8 10 10 2 8 9 8 10 10 7 7 8 8 10 10 8 2 9 5 11 11 5 5 11 11 1 5 3 5 4 4 11 5 11 11 5 5 0 6 10 10 8 8 11 5 7 7 10 8 10 10 2 8 9 8 10 10 8 8 1 9 5 11 4 5 4 4 4 11 11 5 5 11 11 5 5 10 8 1 9 10 8 8 7 7 7 10 7 8 7 10 10 2 8 9 5 7 7 11 11 5 5 4 4 4 11 4 5 10 8 7 7 7 10 8 7 10 8 11 11 4 4 2 5 11 11 5 5 9 11 4 5 2 11 4 5 3 4 10 10 8 7 7 8 11 2 9 5 11 11 5 2 7 10 8 10 10 8 8 9 8 7 7 0 6 11 11 5 5 11 4 5 11 11 4 2 5 9 8 4 10 10 8 7 7 8 11 2 10 10 8 8
ppo_x50_b_fd_l4,77,qv14_79,14,92,True,385.0,1.4958243370056152,8 8 10 10 8 8 10 10 8 8 9 5 10 10 8 8 11 2 10 10 7 8 8 9 5 10 10 8 8 11 2 9 4 5 10 10 7 7 8 8 1 9 5 11 5 10 10 8 8 11 5 11 11 4 4 4 2 3 4 4 4 5 11 2 11 4 5 10 9 8 8 10 10 8 8 10 10 8 8 7 7 7 10 7 7 8 1 9 8 11 5 11 11 4 1 5 3 5 4 11 11 2 5 9 8 4 4 10 11 4 5 2 10 8 10 10 7 8 6 8 10 10 8 2 9 8 4 11 5 4 11 5 11 4 11 4 5 2 9 8 7 7 10 7 7 7 7 7 7 7 8 7 11 11 2 5 11 5 9 11 5 5 11 11 5 5 10 8 11 11 5 5 11 5 11 11 5 5 10 2 7 10 7 9 7 8 5 10 2 10 10 7 8 7 8 10 8 9 11 5 5 4 10 10 8 7 8 10 11 5 5 4 1 3 4 11 5 7 11 11 5 4 5 11 4 4 11 5 5 7 10 2 3 10 8 10 10 2 8 7 6 7 10 8 7 10 10 2 8 9 5 10 10 8 8 4 11 4 5 11 11 5 5 11 4 5 7 11 11 5 4 5 11 11 5 2 9 5 7 10 7 10 8 7 2 10 9 7 8 7 7 7 8 11 2 9 10 8 8 10 2 11 11 5 5 3 11 11 5 4 4 5 11 11 5 5 10 8 11 4 11 5 5 11 11 2 5 6 10 7 7 8 10 7 10 7 8 8 11 5 10 10 8 2 9 8 7 11 11 5 5 11 11 2 3 5 4 11 11 2 5 11 11 4 5 5 9 8 10 10 7 7 7 7 8 7 7 7 7 7 8 11 11 2 5
ppo_x50_b_fd_l4,78,qv14_8,14,93,True,390.0,1.0317552089691162,8 8 10 9 8 8 10 10 8 8 11 5 10 10 0 6 8 8 11 5 10 10 7 8 8 11 5 10 10 8 2 10 10 8 8 10 9 8 8 10 2 9 11 5 5 4 10 8 11 11 5 4 4 5 11 11 2 5 10 6 8 11 11 2 5 9 8 1 3 4 4 4 4 10 10 8 8 11 2 10 10 8 7 6 10 8 8 7 10 10 7 8 2 6 7 11 11 5 5 10 8 11 4 5 11 11 4 5 5 11 2 9 4 5 4 10 10 7 8 8 11 5 10 7 8 10 8 7 7 7 7 11 11 2 5 9 5 11 11 5 4 4 5 11 2 11 11 5 5 9 8 11 11 5 5 7 7 7 7 10 8 4 11 5 4 4 4 10 11 5 5 0 9 5 10 8 10 10 8 7 7 8 7 7 7 10 10 8 2 9 7 8 11 5 4 4 10 8 10 10 8 8 11 5 11 11 4 4 5 5 1 9 8 7 11 11 4 5 5 10 8 11 11 4 5 8 11 4 5 4 10 10 8 2 10 8 6 7 10 7 7 10 8 2 10 8 9 8 11 11 5 5 11 11 4 5 8 11 5 11 2 11 11 4 5 8 11 5 3 10 7 7 7 10 2 6 8 10 10 2 6 7 7 7 8 10 2 6 11 11 4 4 4 2 3 5 4 4 4 4 11 5 10 8 11 2 4 3 10 10 8 2 10 6 7 8 10 0 9 8 8 7 10 8 7 11 10 2 8 9 8 11 11 4 5 5 10 8 11 11 1 4 5 5 9 5 11 11 5 5 10 7 7 8 11 4 5 11 11 4 5 2 4 9 10 8 8 11 5 10 10 8 7 7 8 10 10 8 8 10 10 2 6 8 10 7 10 2 6 8
ppo_x50_b_fd_l4,79,qv14_80,14,91,True,366.0,1.4512698650360107,8 8 10 9 8 8 11 5 10 10 8 2 10 10 8 8 9 10 8 8 11 5 11 5 10 10 7 7 8 8 11 5 11 10 7 7 8 8 10 2 10 9 8 8 4 4 4 11 4 1 3 5 4 11 4 11 5 2 9 5 4 10 10 8 8 11 5 10 10 2 6 8 10 2 7 7 7 10 10 8 8 10 9 8 8 11 2 4 10 9 8 8 11 5 4 11 5 11 11 5 5 4 10 2 10 6 7 7 8 11 5 7 7 7 7 11 11 5 2 9 5 11 5 11 4 5 11 11 4 4 5 2 9 5 4 4 10 10 8 7 8 11 5 7 7 7 7 7 10 7 10 8 2 9 5 11 4 4 11 2 5 9 5 4 11 11 5 5 11 5 7 11 11 5 5 11 2 10 10 8 8 6 7 10 7 10 8 8 10 10 8 8 11 2 3 10 10 7 7 8 4 5 10 2 10 9 8 8 4 11 1 4 5 9 11 4 5 5 11 11 5 5 10 8 11 11 2 5 9 8 10 10 2 8 11 5 4 11 11 5 5 3 7 7 7 7 7 10 10 8 7 8 4 11 5 11 11 5 5 10 8 7 10 10 8 8 10 7 10 2 8 11 5 9 11 5 5 11 4 5 4 4 0 10 10 8 8 9 10 8 8 10 10 8 2 9 5 10 10 8 8 4 1 4 9 4 5 10 8 11 11 4 2 3 4 4 5 4 4 11 5 10 11 5 2 10 10 7 8 8 9 5 10 10 8 8 7 0 10 9 8 5 10 8 11 11 5 5 4 10 10 8 7 7 8 10 10 7 2 8 11 5 10 10 8 8
ppo_x50_b_fd_l4,80,qv14_81,14,92,True,387.0,1.0121331214904785,8 8 10 9 8 8 10 10 8 8 11 5 10 10 7 8 8 10 10 8 8 11 5 11 4 10 8 2 10 8 7 7 7 7 7 11 11 5 5 11 11 5 5 9 8 11 4 11 2 3 4 5 10 2 9 11 5 5 4 10 11 5 2 11 9 5 5 7 7 7 7 7 10 8 10 10 8 7 8 1 10 9 5 5 11 5 11 4 11 5 2 9 4 5 7 10 8 7 7 10 10 8 2 9 5 7 7 7 11 11 4 5 4 4 4 4 5 11 11 4 5 8 11 5 11 5 10 2 10 6 10 8 7 7 8 10 2 7 10 8 4 4 4 11 9 5 4 5 4 11 5 10 8 11 11 2 5 9 8 10 10 7 7 0 6 7 8 8 11 2 9 5 10 10 7 7 7 8 5 11 5 7 10 8 1 9 11 4 5 5 11 4 4 4 5 10 2 6 10 8 7 10 10 8 8 11 2 11 3 4 11 5 5 11 11 5 5 10 8 4 4 4 10 10 8 0 6 7 7 8 10 7 7 10 8 8 10 10 8 8 1 9 5 11 4 4 4 5 7 11 11 2 5 3 11 5 7 11 11 5 5 11 11 2 5 3 10 8 10 10 8 8 10 10 8 8 10 10 7 7 8 7 8 4 11 5 11 5 10 7 10 8 8 11 2 9 5 7 11 11 4 5 8 4 11 2 11 11 5 4 3 5 4 4 11 11 5 5 7 0 9 5 10 8 10 10 0 8 6 7 7 7 8 10 10 8 2 9 8 11 11 5 2 9 8 7 7 11 11 5 4 5 10 8 11 11 4 4 4 5 5 10 8 7 10 8 11 11 4 5 5 4 10 2 9 10 8 8 11 11 4 5 5 11 11 5 5
ppo_x50_b_fd_l4,81,qv14_82,14,84,True,351.0,1.4272096157073975,8 8 9 10 8 8 10 10 8 8 11 5 10 10 7 7 8 5 10 10 8 8 11 5 10 2 10 10 7 8 8 10 9 8 8 0 9 5 11 11 5 5 10 8 4 11 5 4 11 11 4 2 3 5 10 8 11 11 5 4 5 11 11 5 2 9 5 10 7 7 10 2 8 6 7 7 10 8 7 7 7 7 11 11 5 5 11 5 4 1 3 4 4 11 5 11 2 11 11 5 3 5 10 0 6 7 8 7 11 2 6 10 10 8 8 7 10 10 8 8 11 5 10 10 8 8 7 11 11 2 5 11 3 4 4 4 4 5 11 11 5 4 5 0 10 6 7 7 7 8 10 2 7 7 10 8 11 9 5 5 10 8 4 11 11 5 5 11 4 4 11 5 2 9 11 5 4 5 10 7 7 8 10 7 10 8 8 4 1 9 5 11 11 2 5 11 5 11 9 5 5 7 10 8 10 10 7 8 8 10 10 8 7 7 7 7 8 11 2 11 11 5 5 3 11 5 4 11 5 4 4 4 11 11 2 5 9 5 7 7 10 10 7 7 7 2 8 6 7 7 10 8 0 9 7 11 5 5 11 5 11 11 4 4 5 8 11 5 4 4 1 9 5 10 7 7 10 7 8 5 10 8 7 7 7 11 11 2 5 10 8 11 11 5 5 9 8 11 11 5 4 5 4 10 11 5 2 4 3 4 11 11 2 5 9 8 10 10 2 8 10 10 8 8 9 8 10 10 8 8 10 2 3 10 8 4 10 10 8 8 10 10 7 8 8 10 2 11 11 5 5
ppo_x50_b_fd_l4,82,qv14_83,14,91,True,396.0,1.0193698406219482,8 8 10 10 8 8 10 10 8 8 9 5 10 10 8 8 10 10 8 8 4 10 8 11 11 5 2 3 4 11 4 4 5 10 7 10 8 8 7 7 10 10 7 8 8 10 2 9 10 8 8 4 11 5 4 11 4 5 11 11 4 5 8 11 5 11 11 2 3 5 10 8 10 10 7 8 7 8 7 7 7 7 10 8 11 5 11 11 5 2 9 5 11 4 11 2 3 4 4 4 4 4 1 5 9 8 10 8 7 10 10 7 8 8 11 5 10 10 7 7 8 2 10 6 7 7 8 10 2 11 11 5 4 5 3 4 4 11 5 4 4 4 10 10 8 2 9 8 10 10 8 8 10 0 9 8 7 8 10 8 7 11 2 11 11 5 5 9 11 5 5 11 11 5 5 11 11 5 2 4 4 11 9 5 5 7 7 0 6 7 7 10 8 7 7 10 2 9 8 11 4 11 4 5 5 10 8 1 11 3 5 11 11 2 3 4 5 10 2 11 11 5 5 9 8 10 10 8 7 7 8 10 10 8 8 11 2 3 11 5 7 7 7 7 7 7 7 11 11 1 5 3 4 5 10 2 11 3 4 5 4 11 4 4 4 5 10 10 7 2 8 10 8 6 7 7 10 7 7 8 11 11 5 5 11 4 1 3 5 4 4 10 10 7 8 2 11 5 9 5 10 10 8 8 10 10 8 8 11 5 4 10 0 10 8 6 8 10 10 2 8 6 11 5 11 11 5 5 10 8 4 4 11 11 2 3 4 4 4 5 4 11 2 10 6 10 8 8 11 2 7 7 11 9 5 5 10 7 7 7 7 0 6 7 8 7 7 11 11 5 2 9 5 11 5 7 11 11 5 5 11 11 4 4 5 2 9 5 11 11 5 5 11 11 2 5
ppo_x50_b_fd_l4,83,qv14_84,14,91,True,381.0,1.4844398498535156,8 8 9 10 8 8 10 10 8 8 11 5 10 7 7 7 10 8 8 10 10 8 8 11 1 5 9 4 5 11 11 4 5 8 11 5 11 4 11 5 5 7 11 2 10 10 8 8 7 6 10 8 10 10 7 7 8 8 10 10 8 8 11 4 4 5 10 8 7 10 10 2 8 9 5 11 11 4 5 5 4 11 11 2 3 4 5 4 4 0 9 10 8 7 7 8 7 7 10 2 6 4 4 4 11 11 4 5 2 11 5 11 11 4 5 5 9 8 7 10 7 10 8 8 10 7 7 10 8 8 11 2 4 11 5 11 4 3 5 10 10 8 2 10 8 10 10 7 7 8 8 10 8 6 11 11 5 5 11 11 2 5 9 8 11 5 4 11 11 5 2 9 5 11 11 4 5 5 11 2 3 10 7 7 8 7 7 7 10 10 7 7 8 8 1 3 11 5 10 10 7 8 8 10 2 11 9 5 5 4 11 2 3 11 5 4 11 11 5 2 3 4 11 11 5 5 11 2 4 10 10 8 8 9 5 4 10 10 8 7 8 7 10 7 7 10 7 2 8 6 11 4 5 4 1 9 11 5 5 11 2 4 3 10 10 8 7 7 8 0 9 5 10 8 10 10 8 2 9 8 10 10 7 8 5 4 4 4 11 2 6 11 11 5 4 4 5 10 11 5 5 4 1 4 3 10 10 8 8 7 7 10 8 1 9 10 8 8 7 10 8 10 10 8 8 1 9 5 4 4 11 11 1 5 3 5 11 5 11 4 5 4 10 10 7 8 2 9 5 10 10 7 8 8 11 2 3 10 10 8 8 10 10 7 8 7 7 8 10 2 11 11 4 5 5 11 5 10 10 8 8
ppo_x50_b_fd_l4,84,qv14_85,14,91,True,384.0,1.5005152225494385,8 8 10 10 8 8 10 10 8 8 9 5 10 10 8 8 10 10 8 8 11 5 11 4 5 1 3 4 4 11 11 2 5 9 8 10 10 2 8 11 5 10 10 7 7 7 7 6 7 7 8 8 11 5 11 5 7 7 10 10 8 8 4 10 2 11 11 3 4 5 4 5 11 11 2 5 10 8 7 11 9 5 5 4 11 2 10 10 7 8 6 8 11 5 10 10 8 8 10 10 8 2 10 9 8 8 11 4 5 11 11 2 5 11 9 4 5 5 1 9 8 11 5 4 4 11 11 5 2 3 10 8 10 10 8 2 7 10 9 8 7 8 10 2 10 10 8 8 6 10 10 8 8 4 4 4 11 4 5 10 11 5 5 11 11 5 2 3 7 7 10 7 8 10 10 8 2 9 8 10 8 11 11 5 5 11 11 4 5 2 10 8 4 4 4 9 11 5 4 5 11 2 3 10 10 8 7 8 7 10 10 8 2 10 9 8 7 7 7 7 8 11 2 9 11 5 4 5 11 2 11 9 5 5 11 5 4 11 2 11 11 5 5 3 7 7 7 0 6 7 7 7 7 11 5 4 11 2 9 4 11 5 5 0 10 8 7 9 10 8 8 10 2 6 7 7 11 11 5 2 9 5 11 4 4 4 5 4 4 4 4 11 11 2 5 7 9 8 7 11 5 10 10 8 8 10 0 9 8 8 7 7 10 7 8 11 10 8 8 1 4 11 11 5 5 9 8 11 11 4 5 5 10 8 11 1 3 4 4 5 4 10 10 8 2 9 8 11 4 5 10 10 7 7 8 2 9 4 5 10 10 8 8 10 10 2 6 7 7 8 10 10 2 8 10 9 8 8 10 2 11 11 5 5
ppo_x50_b_fd_l4,85,qv14_86,14,90,True,372.0,1.0258557796478271,8 8 10 9 8 8 10 10 8 8 11 5 10 7 10 7 7 8 8 10 10 8 8 11 5 7 7 7 11 11 5 5 11 2 9 11 5 5 11 2 11 11 4 5 8 11 3 5 4 10 8 11 11 2 5 9 8 11 11 5 5 11 2 10 10 8 6 7 7 7 8 4 10 2 10 10 8 7 7 7 8 9 5 11 11 2 5 9 5 10 10 8 2 9 10 8 7 8 11 4 5 4 4 4 4 4 4 11 11 5 5 10 8 0 7 10 10 8 7 6 7 8 7 10 8 10 2 6 11 11 4 5 2 10 8 9 8 7 11 11 4 4 5 4 5 7 10 8 10 8 11 11 4 5 5 4 11 11 5 2 9 8 4 11 11 5 4 5 0 9 8 10 7 7 10 2 8 9 8 4 11 4 5 7 10 10 7 7 8 8 10 8 10 7 7 8 11 11 1 3 5 8 11 5 11 11 5 5 10 2 4 4 4 11 5 4 3 4 10 10 8 2 9 8 10 8 4 10 10 7 7 8 8 4 11 5 10 7 10 8 8 7 10 10 8 2 10 8 4 4 4 4 4 4 4 3 11 4 5 0 10 6 10 8 8 11 5 10 10 7 8 0 6 8 11 5 10 10 8 8 10 7 10 8 8 4 10 2 9 8 11 11 5 5 1 9 8 11 1 9 5 5 11 11 5 5 11 5 10 11 2 3 5 11 2 4 11 11 5 5 9 7 7 8 7 7 7 7 0 9 10 8 7 8 7 10 10 8 2 9 5 11 11 2 5 11 11 3 5 4 5 10 8 11 11 2 5 11 9 5 5 11 4 5 10 10 2 8 10 10 8 8
ppo_x50_b_fd_l4,86,qv14_87,14,92,True,376.0,1.5250861644744873,8 8 10 10 8 8 10 10 8 8 9 5 10 10 8 8 10 10 8 8 11 5 4 11 5 10 10 7 8 2 10 10 7 8 8 9 5 4 11 5 7 11 11 5 5 10 8 7 7 10 10 8 8 4 4 4 10 2 9 8 11 11 5 4 5 4 11 4 4 5 4 10 2 10 9 8 8 10 8 7 11 11 5 5 11 2 4 11 9 5 5 7 7 0 7 6 7 7 10 8 4 4 4 4 10 2 10 10 8 8 10 6 10 8 8 10 10 8 2 9 5 7 10 10 8 2 9 5 11 11 4 5 5 4 11 5 7 11 11 5 5 10 8 11 11 4 2 3 4 5 4 10 10 8 8 11 5 4 4 10 10 8 2 9 8 10 10 8 8 11 5 10 7 10 7 2 7 8 9 10 8 8 7 10 8 11 1 11 5 5 3 4 11 5 4 4 4 11 4 10 2 8 9 8 10 7 7 8 7 10 10 8 8 11 4 5 10 7 10 7 8 8 11 5 11 5 10 10 7 8 2 9 5 11 4 11 2 4 5 9 8 11 11 1 4 5 5 11 9 8 5 11 5 4 4 4 10 10 2 6 8 10 10 8 2 9 5 10 10 8 2 9 5 7 7 10 7 8 10 10 2 8 11 3 4 5 11 11 1 4 4 5 3 5 10 8 10 8 11 4 4 5 10 10 8 2 9 8 7 7 7 10 8 7 7 10 10 8 8 4 4 10 2 11 9 5 5 4 11 5 11 11 5 2 9 8 11 11 5 5 10 2 11 11 5 5 3 4 10 10 8 7 7 7 7 7 7 7 8 10 8 7 11 11 5 5 11 11 5 5 10 2 11 11 5 5
ppo_x50_b_fd_l4,87,qv14_88,14,89,True,365.0,1.5052053928375244,8 8 9 10 8 8 10 10 8 8 11 5 10 10 7 8 8 11 5 11 5 7 10 10 7 7 8 5 10 10 8 8 10 10 8 8 11 5 7 11 11 2 4 5 4 9 10 8 8 11 5 11 11 5 5 4 4 11 4 11 5 2 11 9 5 5 7 0 9 8 7 7 10 7 7 8 10 7 10 7 8 2 7 11 9 4 5 8 11 5 4 4 11 5 10 8 11 4 11 5 5 10 7 8 11 5 11 11 4 4 5 8 11 5 11 11 5 2 7 9 8 10 10 8 7 7 7 7 7 7 8 11 5 11 5 4 10 10 8 8 10 10 8 2 10 9 8 8 10 2 11 9 5 5 10 8 11 11 5 5 4 4 1 4 4 9 5 11 2 3 4 4 4 10 10 8 2 9 8 10 10 2 8 7 9 8 7 7 7 10 8 4 11 11 2 3 5 11 11 5 4 5 7 10 8 11 11 5 5 11 4 5 10 10 2 8 7 6 7 10 8 10 7 7 10 8 8 10 2 6 11 11 5 5 10 7 8 11 11 5 5 10 8 11 11 4 4 4 2 3 5 10 8 11 11 2 4 5 4 3 11 5 7 10 10 8 8 7 10 8 10 7 8 11 11 2 3 4 5 7 11 11 5 4 4 5 4 4 10 10 8 2 9 8 10 8 7 7 11 5 11 11 5 2 9 5 11 5 7 10 7 8 10 7 7 8 7 7 10 8 7 11 11 2 5 9 5 11 11 4 5 4 5 10 7 8 11 11 5 2 9 5 11 11 4 4 4 5 5 10 8 7 10 8 11 11 4 5 5 11 2 10 10 8 8
ppo_x50_b_fd_l4,88,qv14_89,14,89,True,365.0,1.4941375255584717,8 8 10 9 8 8 11 5 10 10 8 2 10 10 8 8 9 10 8 8 11 5 11 5 10 10 7 7 8 8 11 5 11 5 11 5 10 10 7 7 7 8 8 11 5 10 10 7 8 8 11 5 11 5 10 10 2 7 8 9 5 11 5 11 4 11 5 5 11 4 5 4 4 11 11 2 5 9 8 4 10 10 8 7 8 7 10 7 7 8 10 10 8 2 9 8 11 4 5 11 11 5 5 10 11 5 5 4 10 10 2 8 10 7 8 6 7 7 7 11 11 1 3 5 4 4 4 5 4 11 11 5 5 11 11 4 5 2 9 8 7 10 8 7 7 10 7 8 10 10 8 2 10 8 6 11 11 5 4 4 5 4 4 4 4 11 4 2 9 10 8 8 11 5 10 7 10 8 8 11 2 10 10 6 8 8 7 7 7 10 7 8 4 1 11 9 5 5 11 2 3 4 4 11 11 5 5 10 8 11 11 4 5 2 9 5 10 8 4 10 10 8 7 7 8 10 10 8 2 10 10 8 7 7 8 10 9 8 8 11 4 2 11 9 5 5 11 5 4 1 9 5 4 4 11 4 11 2 5 3 10 8 10 10 0 6 7 8 8 7 7 10 10 7 8 5 10 2 9 10 8 8 4 11 5 4 10 2 11 9 4 5 8 11 2 11 9 4 5 8 11 4 5 11 11 5 2 4 3 10 10 7 8 2 9 10 8 8 11 5 11 5 10 10 7 7 8 7 7 7 7 8 11 5 11 5 10 10 7 8 8 11 5 7 11 11 2 5 9 5 11 11 2 3 4 5 7 11 11 5 5 11 11 2 5
ppo_x50_b_fd_l4,89,qv14_9,14,92,True,397.0,1.0677220821380615,8 8 10 10 8 8 10 10 8 8 9 5 10 10 8 8 10 10 8 8 11 5 4 11 5 7 10 7 7 7 7 10 7 8 5 4 11 2 11 9 4 5 8 4 10 8 11 5 4 4 11 1 3 5 4 11 11 2 3 5 10 8 10 7 10 8 7 8 10 2 9 11 4 5 8 11 4 4 4 5 7 10 10 2 8 11 5 7 7 10 6 10 7 7 8 7 7 8 4 11 5 1 4 11 5 9 10 8 8 10 10 8 7 7 8 11 2 6 11 11 5 5 4 4 4 4 4 4 10 8 11 11 5 2 11 11 5 5 9 8 4 10 10 8 7 7 7 8 7 7 11 5 10 7 8 4 10 10 8 8 10 10 2 8 6 11 5 4 11 4 11 2 3 5 11 4 4 11 5 5 10 8 10 11 2 3 5 4 10 2 9 10 0 6 7 8 8 7 10 7 8 11 2 10 9 8 8 10 10 8 8 4 4 4 4 4 4 11 5 10 2 10 10 7 8 8 11 5 9 10 8 8 0 7 10 8 11 9 5 5 10 8 0 6 11 11 5 5 10 8 11 11 2 4 5 3 4 11 5 11 11 2 3 5 11 11 4 5 5 11 2 9 10 8 8 10 0 6 7 7 7 8 11 5 10 10 7 8 2 6 11 5 11 4 11 4 4 5 5 0 10 8 9 8 7 10 7 7 7 7 10 2 8 6 11 5 11 11 4 5 2 9 8 10 11 4 5 5 10 8 4 11 4 4 11 5 5 10 2 9 8 4 4 4 10 10 8 8 0 9 8 10 7 8 11 11 2 5 6 7 7 10 8 4 10 2 10 10 8 8 10 7 8 6 11 11 5 5 11 11 4 4 4 5 5 7 11 11 4 5 2 11 5 10 10 8 8
ppo_x50_b_fd_l4,90,qv14_90,14,90,True,381.0,1.5462646484375,8 8 9 10 8 8 10 0 10 8 8 9 5 11 10 7 8 8 11 2 9 5 10 10 0 6 8 8 7 7 11 10 7 8 8 11 5 10 10 2 8 9 4 5 11 4 4 4 11 5 2 11 5 9 10 8 8 10 2 10 10 8 8 9 8 11 4 4 4 4 4 11 4 5 5 0 10 8 9 11 5 7 8 11 5 10 7 10 8 2 9 5 7 7 7 10 10 7 8 7 8 1 9 5 10 8 11 5 4 4 4 4 4 11 11 4 2 5 9 8 4 11 11 5 5 10 2 9 10 7 7 8 7 8 10 2 6 11 11 4 5 5 4 11 11 4 5 2 9 8 10 7 10 2 7 6 8 7 7 7 7 10 7 10 7 8 2 11 5 7 11 9 5 5 10 8 11 11 1 4 5 5 3 4 4 4 4 10 11 4 5 2 9 11 5 5 10 7 8 7 10 10 8 8 10 10 8 8 7 11 2 9 11 5 5 11 2 9 10 8 8 7 7 7 7 11 11 1 3 4 5 5 10 8 10 8 4 11 11 5 4 11 5 5 4 11 5 11 2 9 11 5 5 7 10 7 8 0 10 9 8 8 10 8 10 7 8 10 10 2 8 6 11 4 4 5 11 11 4 5 5 11 11 4 5 5 10 8 11 2 9 10 8 8 11 5 4 4 10 10 8 8 7 10 8 7 0 9 8 7 7 10 10 8 2 9 5 7 7 11 11 5 5 4 11 5 11 11 5 5 11 11 4 5 8 1 9 5 10 8 7 10 10 8 8 11 5 10 10 7 7 2 8 11 5 9 10 8 8 10 7 8 11 11 2 5 11 11 5 3 5 11 11 4 2 4 5 11 11 5 5
ppo_x50_b_fd_l4,91,qv14_91,14,89,True,376.0,1.5259644985198975,8 8 10 10 8 8 9 10 8 8 11 5 10 7 10 8 8 11 4 5 10 8 10 10 7 8 8 11 2 9 10 7 7 8 5 11 5 11 2 3 4 4 1 9 5 4 11 11 5 5 11 2 3 11 10 8 7 7 8 10 10 8 8 7 10 10 7 7 7 8 8 11 5 11 5 4 4 11 5 7 10 10 7 7 8 2 7 11 9 5 5 4 11 2 3 11 4 11 5 5 10 8 10 10 8 8 11 5 11 11 4 4 4 4 2 5 3 7 10 7 7 8 10 7 8 7 7 7 7 11 11 5 5 0 9 11 5 5 11 5 4 4 11 5 10 8 4 4 11 11 2 4 4 5 9 7 8 10 7 8 10 10 7 7 8 8 10 10 7 8 5 10 2 3 11 4 5 11 11 5 2 9 5 11 4 5 11 11 2 5 7 10 8 7 6 7 10 8 7 7 7 7 11 11 5 2 11 11 5 5 9 8 10 11 5 4 5 4 4 4 4 4 4 10 10 8 8 7 7 10 8 4 10 2 10 6 8 10 10 8 2 9 7 8 11 5 11 5 11 4 11 4 5 5 10 8 10 11 2 3 4 5 10 8 11 2 4 9 4 5 0 7 9 10 8 8 7 7 0 6 7 7 10 8 7 11 2 11 9 5 5 10 8 11 11 4 5 5 4 4 11 5 10 8 11 11 5 4 5 11 11 2 5 9 8 10 10 2 6 8 10 7 8 10 10 8 7 8 11 2 10 10 8 8 10 6 10 8 8 11 2 6 11 5 7 11 11 5 5 11 11 2 4 3 5 11 4 4 5 11 11 5 4 5 10 10 2 8 7 7 7 7 10 10 8 8
ppo_x50_b_fd_l4,92,qv14_92,14,91,True,389.0,1.0431287288665771,8 8 10 10 8 8 10 10 8 8 9 5 10 10 8 8 0 9 10 8 8 11 5 7 10 10 8 8 10 2 10 9 8 8 4 4 0 9 8 11 4 5 4 11 11 5 5 7 11 5 4 4 11 11 2 5 3 10 8 10 10 2 8 9 10 8 7 8 7 10 2 3 10 10 8 8 10 2 7 7 11 11 5 5 3 11 4 4 11 5 5 10 8 11 11 5 5 11 11 2 5 10 8 4 11 11 4 3 5 2 9 8 7 10 7 10 7 8 7 7 8 7 10 10 8 2 9 8 10 11 5 4 5 11 11 5 5 4 4 11 4 5 4 4 10 10 7 7 8 2 9 8 10 10 8 8 7 10 2 9 10 2 8 7 7 6 11 11 4 5 4 5 11 5 4 11 5 11 11 5 2 9 5 7 7 7 7 10 7 8 10 7 7 8 11 11 4 2 5 11 3 4 5 4 10 2 10 10 7 8 8 11 5 11 4 5 9 10 8 8 10 2 10 10 8 8 9 8 4 4 11 5 11 11 4 5 5 11 5 11 11 5 4 5 10 7 8 4 10 10 2 8 7 10 6 8 7 7 7 11 10 8 8 7 7 11 11 2 5 3 11 4 11 5 4 4 4 5 11 11 2 5 3 7 10 10 2 8 10 9 8 7 7 8 11 5 10 10 8 8 0 6 4 4 11 5 4 4 11 4 5 4 4 10 10 8 2 9 8 7 7 10 8 10 10 8 2 7 9 8 1 4 11 4 5 3 11 11 5 5 7 10 8 10 10 8 8 10 10 2 8 10 10 6 8 8 10 10 8 2 9 5 11 11 5 5 11 11 5 2 9 7 8 11 11 5 4 4 4 4 5 11 11 5 5 11 11 2 5
ppo_x50_b_fd_l4,93,qv14_93,14,92,True,393.0,1.0696723461151123,8 8 10 9 8 8 10 10 8 8 11 5 7 10 10 7 8 5 10 2 9 10 7 8 5 10 10 8 8 11 5 11 1 11 5 3 5 11 5 11 11 2 5 9 8 4 11 11 5 5 7 7 0 6 7 10 7 8 10 10 7 7 7 8 8 11 5 1 11 5 4 3 4 11 11 5 5 11 2 9 10 8 8 10 10 8 8 11 5 10 10 7 8 8 10 2 9 11 5 5 11 4 1 9 5 8 11 11 5 5 10 2 7 9 8 7 7 7 7 7 11 11 5 5 1 4 4 3 4 4 11 4 5 4 10 11 5 5 10 2 6 10 10 7 8 8 11 5 10 10 2 8 9 5 7 10 10 2 7 8 11 5 6 11 5 4 11 11 5 5 4 4 11 2 3 10 10 8 8 10 10 2 6 7 7 7 7 8 11 2 11 5 3 11 5 7 10 10 7 8 8 7 11 2 9 11 5 5 10 8 10 11 4 2 3 4 4 4 5 11 4 11 5 2 10 8 6 7 7 10 10 8 7 8 10 10 7 8 8 1 9 8 11 5 7 11 11 5 4 4 5 4 11 5 11 11 5 5 4 4 11 5 10 8 10 10 8 2 9 8 11 4 5 4 10 10 8 2 7 6 7 7 10 8 10 10 8 7 8 11 11 2 5 9 5 4 4 11 11 2 5 9 8 7 10 10 8 0 6 7 7 8 4 10 8 7 11 11 1 3 5 5 11 5 11 4 4 4 1 9 5 4 4 5 11 2 10 10 7 7 8 8 9 5 10 8 10 8 4 4 10 10 8 7 7 7 8 4 11 5 7 10 10 7 2 8 10 7 8 9 11 5 5 10 8 11 11 2 3 5 11 11 4 4 2 3 5 11 11 2 4 4 5
ppo_x50_b_fd_l4,94,qv14_94,14,94,True,382.0,1.1149113178253174,8 8 10 9 8 8 10 10 8 8 11 5 7 10 0 10 8 8 9 10 8 8 11 5 11 5 10 7 10 7 8 8 11 5 11 4 5 10 8 7 7 7 7 11 11 5 5 11 5 10 10 2 8 9 5 11 11 2 3 5 11 11 5 5 7 11 11 2 3 5 10 2 9 8 4 4 4 4 4 10 10 7 8 8 11 5 0 10 9 7 8 5 10 8 7 7 7 7 10 8 4 11 11 2 3 5 11 4 5 11 11 5 2 9 4 5 10 7 8 4 10 10 8 7 8 11 5 1 4 11 11 4 4 5 3 8 10 8 7 10 7 10 7 8 7 8 4 10 2 10 9 8 7 8 4 10 2 9 11 5 5 10 8 7 7 7 11 11 5 5 1 9 5 11 4 11 2 5 9 5 11 5 11 4 4 4 11 5 2 9 7 8 11 5 10 7 10 8 8 10 8 10 10 8 8 10 10 2 8 7 7 6 11 11 5 5 10 8 11 11 2 3 5 11 11 5 5 4 11 5 10 8 11 11 5 5 0 9 8 7 10 10 7 7 8 8 7 10 2 9 10 8 8 4 4 4 10 8 10 8 11 11 4 5 4 5 11 4 11 2 5 4 3 11 11 5 2 9 5 7 7 10 8 7 10 10 7 2 6 8 11 2 11 4 5 10 9 8 8 7 7 7 11 2 11 3 11 5 5 4 1 4 11 9 5 5 10 8 0 10 9 8 8 10 2 6 10 8 7 7 7 7 11 11 5 5 10 2 11 11 5 5 10 8 11 11 5 3 5 11 11 5 5 11 11 5 5 11 5 11 2 3 10 10 7 8 2 9 8 4 10 10 8 8 10 7 7 10 7 7 2 8
ppo_x50_b_fd_l4,95,qv14_95,14,90,True,379.0,1.5296688079833984,8 8 9 10 8 8 10 10 8 8 11 5 7 10 10 7 8 5 10 0 9 8 8 10 0 10 8 8 9 5 10 10 8 8 4 4 4 4 10 2 9 10 8 8 11 5 4 4 11 4 5 4 4 4 4 10 10 8 8 0 9 5 10 10 8 7 8 7 10 2 9 10 8 8 11 4 5 10 2 10 10 7 8 8 11 5 4 9 5 11 11 5 5 4 11 5 4 11 2 3 7 10 10 8 8 11 2 9 10 7 2 6 7 8 10 10 7 8 8 10 10 8 2 11 3 5 4 4 1 3 4 4 11 4 5 7 11 2 6 11 11 4 4 5 5 0 9 7 8 4 10 10 8 2 9 5 11 11 5 5 10 8 10 10 8 8 10 10 7 7 8 7 8 11 4 5 11 2 10 10 7 7 6 7 8 8 10 2 11 9 5 4 5 10 8 11 11 5 5 11 2 4 3 4 1 9 5 11 1 9 5 4 5 11 2 3 10 10 7 7 7 7 8 2 10 7 9 8 8 4 10 2 9 10 8 8 11 5 10 10 8 2 10 10 8 8 4 4 4 4 9 5 11 11 5 4 5 11 11 5 2 9 8 4 10 10 8 8 10 10 2 6 8 10 10 2 8 9 8 7 11 11 5 5 11 4 4 11 5 5 1 11 9 5 5 10 8 11 11 5 2 3 10 8 10 10 7 2 8 9 8 10 10 8 8 7 7 10 10 7 8 2 7 11 9 5 5 11 5 4 11 11 5 5 4 11 4 5 10 11 5 5 11 11 5 2 3 10 10 7 7 7 8 8 4 10 10 7 8 7 2 9 8 10 10 8 8 10 8 11 11 2 5 11 4 11 3 5 5
ppo_x50_b_fd_l4,96,qv14_96,14,89,True,369.0,1.0350923538208008,8 8 10 9 8 8 10 10 8 8 11 5 10 10 8 2 10 9 8 8 11 10 7 8 8 10 10 8 8 11 5 10 10 7 8 8 1 9 5 4 10 8 11 11 2 3 4 5 11 5 11 11 5 4 5 10 7 7 8 11 11 4 5 2 11 5 4 11 9 5 5 7 10 8 10 8 7 10 8 4 11 11 5 5 7 7 10 7 8 10 8 7 7 7 10 10 8 4 5 10 2 9 8 11 11 1 3 5 4 4 1 3 5 4 10 11 2 3 4 5 11 2 4 3 10 10 8 7 7 7 7 7 8 11 2 11 9 5 5 0 10 8 10 9 8 8 10 8 1 3 11 5 11 11 2 5 11 9 5 4 5 10 2 10 9 8 8 10 2 6 11 11 5 5 11 11 5 5 11 5 11 11 5 2 10 8 10 6 7 7 10 8 8 11 5 10 10 7 7 7 7 7 8 4 5 10 2 10 9 8 8 1 9 4 4 5 11 5 10 7 7 8 4 4 11 11 5 5 10 8 11 11 2 3 4 4 4 5 11 4 5 11 2 10 10 6 7 8 8 1 9 5 10 10 8 8 7 10 8 7 10 10 7 8 8 10 8 11 11 2 5 9 5 7 10 10 2 8 9 5 11 4 11 4 4 4 4 5 2 11 11 5 5 3 10 7 7 8 10 8 10 10 2 6 8 10 8 11 11 2 5 9 8 4 11 11 4 5 5 10 8 4 4 4 4 4 10 10 0 8 6 8 7 7 7 7 10 7 8 10 10 8 2 9 8 4 4 11 4 5 10 10 8 8 11 11 4 4 2 4 4 3 5 10 2 11 11 5 5
ppo_x50_b_fd_l4,97,qv14_97,14,90,True,377.0,1.0034399032592773,8 8 9 10 8 8 10 10 8 8 11 5 10 10 2 8 10 10 8 8 9 10 7 8 5 10 2 11 11 5 5 4 11 3 5 10 10 8 8 11 5 4 4 4 4 10 10 8 8 11 2 10 10 8 6 7 7 8 10 7 10 8 8 10 10 8 8 1 9 5 11 4 4 5 10 8 10 10 2 8 4 4 4 4 4 4 11 4 5 10 10 8 8 9 10 7 0 6 8 8 10 10 7 7 8 8 4 10 2 10 8 11 11 5 3 5 11 5 7 10 8 11 11 4 4 4 2 3 5 4 10 2 9 11 5 5 11 2 4 4 3 10 10 8 8 7 10 8 1 9 10 8 8 7 10 8 10 8 11 10 8 8 7 10 10 8 2 3 4 4 11 5 11 2 11 11 3 5 4 5 4 11 5 10 2 10 10 7 8 8 9 5 10 11 5 5 11 11 4 5 2 9 8 11 4 5 10 10 8 7 7 8 10 7 7 8 7 10 10 2 8 3 4 4 11 5 4 10 2 6 7 7 7 10 10 8 2 9 8 4 4 4 11 4 1 3 5 4 4 4 11 4 5 10 0 9 8 5 10 8 10 10 8 8 10 7 10 8 8 11 5 7 7 11 10 2 8 6 10 8 4 11 11 4 4 5 4 5 10 2 9 10 8 8 11 4 5 11 5 4 11 11 5 5 7 10 2 10 10 6 8 8 10 7 7 7 7 8 10 10 8 8 10 2 11 11 3 4 4 1 3 5 5 4 11 4 4 4 5 11 5 10 10 8 8 4 11 5 10 10 2 6 7 8 11 5 10 10 2 8 10 10 7 8 8 9 5 10 10 8 2 9 8 10 10 2 8
ppo_x50_b_fd_l4,98,qv14_98,14,85,True,354.0,1.472473382949829,8 8 10 9 8 8 11 5 10 10 2 8 9 5 10 10 8 8 10 10 8 8 11 5 10 2 10 7 10 8 8 10 10 8 8 9 5 10 10 8 8 11 5 4 4 4 11 5 4 4 11 11 5 2 9 8 10 10 8 2 6 7 10 7 8 11 11 5 2 9 5 11 11 2 3 5 0 10 7 6 8 10 10 2 8 9 5 7 7 7 11 11 1 5 3 5 4 1 3 4 4 4 11 4 5 10 2 10 10 8 8 10 9 8 8 10 2 6 7 11 5 4 4 4 11 5 11 11 5 2 9 8 4 10 10 8 7 8 11 10 8 8 10 7 7 10 8 8 11 2 3 10 10 8 7 8 10 10 8 2 4 9 5 11 4 11 2 5 11 4 9 4 5 8 11 4 5 4 0 10 10 8 8 9 10 7 8 2 7 10 8 7 7 6 11 11 4 5 4 4 5 10 2 10 8 7 9 11 5 5 11 2 11 11 5 5 3 4 11 4 5 4 10 2 9 10 8 8 11 4 5 10 8 7 10 10 8 7 7 7 7 7 8 11 2 11 11 4 5 3 4 5 11 2 9 10 8 8 11 4 5 11 11 5 2 3 10 8 4 4 10 10 2 6 7 7 7 7 8 11 2 9 5 11 11 2 5 10 8 10 10 7 8 6 7 8 7 11 2 11 9 5 5 4 4 10 2 9 8 11 11 5 4 5 11 4 4 5 11 11 5 2 10 7 10 7 8 8 9 8 10 10 8 7 7 10 8 8 10 10 8 8 11 5 7 11 11 2 3 5 11 11 2 5
ppo_x50_b_fd_l4,99,qv14_99,14,91,True,366.0,1.50722336769104,8 8 10 9 8 8 10 10 8 8 11 5 10 10 7 8 8 11 5 10 10 7 8 8 11 5 10 10 7 7 8 5 10 10 8 8 11 2 4 9 10 8 8 11 5 10 10 2 8 9 5 11 4 11 5 5 4 4 11 4 10 8 8 11 2 11 11 3 5 5 11 11 4 5 5 11 2 10 9 8 8 10 8 10 10 8 2 3 10 8 7 10 10 7 8 7 7 8 11 2 9 11 4 5 5 0 10 8 9 8 10 10 8 8 11 2 11 5 11 11 4 3 5 4 5 7 10 8 10 8 4 11 11 4 4 4 2 5 11 11 4 5 5 9 8 10 7 8 10 10 8 2 9 8 7 11 1 9 5 4 5 11 11 5 5 0 9 5 10 7 10 8 7 7 7 7 7 7 8 10 10 8 2 6 11 4 5 11 11 4 4 4 4 5 2 11 5 9 5 11 11 5 5 10 8 10 10 7 8 8 7 10 2 6 7 7 7 10 8 11 11 2 5 9 8 4 10 10 8 8 1 3 11 5 11 11 4 4 5 8 11 1 9 5 5 10 8 11 4 11 4 4 5 2 10 8 7 10 7 8 9 5 10 7 10 2 6 7 8 7 7 7 7 11 11 5 2 11 5 9 5 4 4 4 11 5 4 11 4 11 4 5 8 7 11 2 9 5 10 10 8 8 7 0 10 6 8 10 2 7 6 7 7 11 11 5 2 9 5 4 11 5 11 5 4 4 11 5 4 10 10 7 8 2 9 8 11 5 10 10 7 8 7 8 11 4 5 10 10 7 7 8 2 6 11 5 10 10 8 8 11 11 4 4 2 5
